type,size,threads,time (rdtsc),clocks per sec,transfer rate (MB/s)
broadcast,64,1,171422,2095276192,47.75
gather,64,1,206800,2095276192,39.58
transfer,64,1,143042,2095276192,57.22
gather,64,1,199042,2095276192,41.12
broadcast,128,1,95680,2095276192,171.08
gather,128,1,389440,2095276192,42.03
transfer,128,1,279568,2095276192,58.55
gather,128,1,389146,2095276192,42.06
broadcast,256,1,88088,2095276192,371.66
gather,256,1,898370,2095276192,36.44
transfer,256,1,550780,2095276192,59.44
gather,256,1,774448,2095276192,42.27
broadcast,512,1,246246,2095276192,265.90
gather,512,1,1540024,2095276192,42.52
transfer,512,1,1099022,2095276192,59.58
gather,512,1,1577478,2095276192,41.51
broadcast,1024,1,468938,2095276192,279.26
gather,1024,1,3164740,2095276192,41.38
transfer,1024,1,2214134,2095276192,59.14
gather,1024,1,3115242,2095276192,42.04
broadcast,2048,1,989834,2095276192,264.60
gather,2048,1,6211372,2095276192,42.17
transfer,2048,1,4462126,2095276192,58.70
gather,2048,1,5442928,2095276192,48.12
broadcast,4096,1,1164620,2095276192,449.78
gather,4096,1,8922144,2095276192,58.71
transfer,4096,1,5484932,2095276192,95.50
gather,4096,1,7089750,2095276192,73.88
broadcast,8192,1,1651366,2095276192,634.41
gather,8192,1,13069426,2095276192,80.16
transfer,8192,1,5299660,2095276192,197.68
gather,8192,1,10214952,2095276192,102.56
broadcast,16384,1,2332874,2095276192,898.15
gather,16384,1,20341224,2095276192,103.01
transfer,16384,1,10771668,2095276192,194.52
gather,16384,1,20166626,2095276192,103.90
broadcast,32768,1,4645112,2095276192,902.14
gather,32768,1,40659600,2095276192,103.06
transfer,32768,1,22874706,2095276192,183.20
gather,32768,1,39869988,2095276192,105.11
broadcast,65536,1,9090024,2095276192,922.01
gather,65536,1,76985124,2095276192,108.87
transfer,65536,1,44329174,2095276192,189.07
gather,65536,1,75599890,2095276192,110.86
broadcast,131072,1,18085872,2095276192,926.81
gather,131072,1,154483494,2095276192,108.50
transfer,131072,1,88302844,2095276192,189.83
gather,131072,1,154392628,2095276192,108.57
broadcast,262144,1,36066222,2095276192,929.52
gather,262144,1,311875742,2095276192,107.49
transfer,262144,1,177525868,2095276192,188.84
gather,262144,1,308552804,2095276192,108.65
broadcast,524288,1,72172166,2095276192,929.01
gather,524288,1,683328414,2095276192,98.12
transfer,524288,1,419161974,2095276192,159.96
gather,524288,1,700818892,2095276192,95.67
broadcast,1048576,1,145482542,2095276192,921.74
gather,1048576,1,1413383938,2095276192,94.88
transfer,1048576,1,861301236,2095276192,155.69
gather,1048576,1,1425121010,2095276192,94.10
broadcast,2097152,1,290063918,2095276192,924.61
gather,2097152,1,2821215394,2095276192,95.06
transfer,2097152,1,1758940988,2095276192,152.48
gather,2097152,1,2900338882,2095276192,92.47
broadcast,4194304,1,579389960,2095276192,925.79
gather,4194304,1,5690963294,2095276192,94.25
transfer,4194304,1,3557258486,2095276192,150.79
gather,4194304,1,5693297800,2095276192,94.21
broadcast,8388608,1,1147340998,2095276192,935.02
gather,8388608,1,11523907792,2095276192,93.09
transfer,8388608,1,7139796100,2095276192,150.25
gather,8388608,1,11432834748,2095276192,93.83
broadcast,16777216,1,2298006056,2095276192,933.66
gather,16777216,1,23100240680,2095276192,92.88
transfer,16777216,1,14232010774,2095276192,150.76
gather,16777216,1,23027098146,2095276192,93.18
broadcast,33554432,1,4658007076,2095276192,921.24
gather,33554432,1,46318919750,2095276192,92.64
transfer,33554432,1,28585928248,2095276192,150.11
gather,33554432,1,46264626948,2095276192,92.75
broadcast,64,2,261784,2095276192,31.26
gather,64,2,147032,2095276192,55.67
transfer,64,2,130318,2095276192,62.81
gather,64,2,155998,2095276192,52.47
broadcast,128,2,200884,2095276192,81.49
gather,128,2,246762,2095276192,66.34
transfer,128,2,193960,2095276192,84.40
gather,128,2,228054,2095276192,71.78
broadcast,256,2,208854,2095276192,156.75
gather,256,2,438190,2095276192,74.71
transfer,256,2,321558,2095276192,101.81
gather,256,2,455510,2095276192,71.87
broadcast,512,2,270908,2095276192,241.70
gather,512,2,861194,2095276192,76.03
transfer,512,2,656718,2095276192,99.70
gather,512,2,805186,2095276192,81.32
broadcast,1024,2,398286,2095276192,328.80
gather,1024,2,1719094,2095276192,76.18
transfer,1024,2,1181508,2095276192,110.84
gather,1024,2,1565784,2095276192,83.64
broadcast,2048,2,438816,2095276192,596.86
gather,2048,2,3133066,2095276192,83.60
transfer,2048,2,2351478,2095276192,111.38
gather,2048,2,3176328,2095276192,82.46
broadcast,4096,2,825248,2095276192,634.74
gather,4096,2,6145092,2095276192,85.24
transfer,4096,2,4579272,2095276192,114.39
gather,4096,2,6091300,2095276192,85.99
broadcast,8192,2,1489532,2095276192,703.33
gather,8192,2,12291584,2095276192,85.23
transfer,8192,2,9071880,2095276192,115.48
gather,8192,2,9026852,2095276192,116.06
broadcast,16384,2,2871040,2095276192,729.80
gather,16384,2,24757544,2095276192,84.63
transfer,16384,2,13307248,2095276192,157.45
gather,16384,2,15801260,2095276192,132.60
broadcast,32768,2,5512544,2095276192,760.18
gather,32768,2,41965170,2095276192,99.86
transfer,32768,2,17704802,2095276192,236.69
gather,32768,2,22990406,2095276192,182.27
broadcast,65536,2,11129734,2095276192,753.04
gather,65536,2,66323586,2095276192,126.37
transfer,65536,2,34768500,2095276192,241.05
gather,65536,2,40153560,2095276192,208.73
broadcast,131072,2,21175884,2095276192,791.57
gather,131072,2,105615946,2095276192,158.71
transfer,131072,2,58749240,2095276192,285.32
gather,131072,2,82623632,2095276192,202.87
broadcast,262144,2,39014952,2095276192,859.27
gather,262144,2,191209068,2095276192,175.33
transfer,262144,2,104052702,2095276192,322.19
gather,262144,2,161746918,2095276192,207.26
broadcast,524288,2,61018276,2095276192,1098.83
gather,524288,2,398687624,2095276192,168.17
transfer,524288,2,236091268,2095276192,284.00
gather,524288,2,422341010,2095276192,158.76
broadcast,1048576,2,91609726,2095276192,1463.79
gather,1048576,2,976100372,2095276192,137.38
transfer,1048576,2,523396774,2095276192,256.21
gather,1048576,2,1039056102,2095276192,129.06
broadcast,2097152,2,137083732,2095276192,1956.43
gather,2097152,2,2107469858,2095276192,127.26
transfer,2097152,2,1072629954,2095276192,250.04
gather,2097152,2,2180427546,2095276192,123.00
broadcast,4194304,2,245993324,2095276192,2180.51
gather,4194304,2,4367606708,2095276192,122.81
transfer,4194304,2,2229060032,2095276192,240.64
gather,4194304,2,4462798054,2095276192,120.19
broadcast,8388608,2,450000014,2095276192,2383.96
gather,8388608,2,8746275036,2095276192,122.66
transfer,8388608,2,4458657878,2095276192,240.61
gather,8388608,2,8762843858,2095276192,122.42
broadcast,16777216,2,869200116,2095276192,2468.43
gather,16777216,2,17756283336,2095276192,120.83
transfer,16777216,2,8966339288,2095276192,239.29
gather,16777216,2,17553362350,2095276192,122.23
broadcast,33554432,2,1719763400,2095276192,2495.18
gather,33554432,2,35076447750,2095276192,122.34
transfer,33554432,2,18114037496,2095276192,236.90
gather,33554432,2,35148981796,2095276192,122.08
broadcast,64,3,268998,2095276192,30.43
gather,64,3,127130,2095276192,64.38
transfer,64,3,218236,2095276192,37.50
gather,64,3,189668,2095276192,43.15
broadcast,128,3,241246,2095276192,67.85
gather,128,3,253214,2095276192,64.65
transfer,128,3,242462,2095276192,67.51
gather,128,3,255476,2095276192,64.07
broadcast,256,3,153458,2095276192,213.34
gather,256,3,356266,2095276192,91.89
transfer,256,3,243428,2095276192,134.49
gather,256,3,348448,2095276192,93.96
broadcast,512,3,340802,2095276192,192.13
gather,512,3,671208,2095276192,97.55
transfer,512,3,522626,2095276192,125.29
gather,512,3,644536,2095276192,101.59
broadcast,1024,3,338022,2095276192,387.41
gather,1024,3,1138542,2095276192,115.02
transfer,1024,3,793292,2095276192,165.08
gather,1024,3,1148326,2095276192,114.04
broadcast,2048,3,366252,2095276192,715.11
gather,2048,3,2169178,2095276192,120.74
transfer,2048,3,1551918,2095276192,168.77
gather,2048,3,2267374,2095276192,115.51
broadcast,4096,3,790694,2095276192,662.48
gather,4096,3,4279440,2095276192,122.40
transfer,4096,3,3157692,2095276192,165.89
gather,4096,3,4263286,2095276192,122.87
broadcast,8192,3,1101724,2095276192,950.91
gather,8192,3,8877800,2095276192,118.01
transfer,8192,3,6697762,2095276192,156.42
gather,8192,3,8699384,2095276192,120.43
broadcast,16384,3,1954566,2095276192,1071.99
gather,16384,3,16446326,2095276192,127.40
transfer,16384,3,11188544,2095276192,187.27
gather,16384,3,11987546,2095276192,174.79
broadcast,32768,3,3732820,2095276192,1122.62
gather,32768,3,29646866,2095276192,141.35
transfer,32768,3,15663344,2095276192,267.54
gather,32768,3,18130296,2095276192,231.14
broadcast,65536,3,7480804,2095276192,1120.35
gather,65536,3,53892194,2095276192,155.52
transfer,65536,3,20040606,2095276192,418.21
gather,65536,3,28539362,2095276192,293.67
broadcast,131072,3,14634164,2095276192,1145.42
gather,131072,3,83514012,2095276192,200.71
transfer,131072,3,42674128,2095276192,392.80
gather,131072,3,58558206,2095276192,286.25
broadcast,262144,3,28810996,2095276192,1163.60
gather,262144,3,132326792,2095276192,253.35
transfer,262144,3,68269792,2095276192,491.06
gather,262144,3,108099518,2095276192,310.13
broadcast,524288,3,47136270,2095276192,1422.45
gather,524288,3,282872816,2095276192,237.03
transfer,524288,3,154317912,2095276192,434.49
gather,524288,3,285608202,2095276192,234.76
broadcast,1048576,3,75038142,2095276192,1787.06
gather,1048576,3,706462170,2095276192,189.82
transfer,1048576,3,350567796,2095276192,382.52
gather,1048576,3,700272796,2095276192,191.49
broadcast,2097152,3,103472526,2095276192,2591.95
gather,2097152,3,1514738056,2095276192,177.06
transfer,2097152,3,742369282,2095276192,361.27
gather,2097152,3,1577096912,2095276192,170.06
broadcast,4194304,3,174640736,2095276192,3071.40
gather,4194304,3,3092974430,2095276192,173.42
transfer,4194304,3,1587232582,2095276192,337.94
gather,4194304,3,3129893934,2095276192,171.38
broadcast,8388608,3,317207410,2095276192,3381.96
gather,8388608,3,6296487746,2095276192,170.38
transfer,8388608,3,3043259304,2095276192,352.51
gather,8388608,3,6337359670,2095276192,169.28
broadcast,16777216,3,601492346,2095276192,3567.07
gather,16777216,3,12688272560,2095276192,169.10
transfer,16777216,3,7510318840,2095276192,285.68
gather,16777216,3,12837346532,2095276192,167.13
broadcast,33554432,3,1194089670,2095276192,3593.64
gather,33554432,3,25336499362,2095276192,169.37
transfer,33554432,3,12371269980,2095276192,346.86
gather,33554432,3,25350963426,2095276192,169.27
broadcast,64,4,281838,2095276192,29.04
gather,64,4,124206,2095276192,65.90
transfer,64,4,173630,2095276192,47.14
gather,64,4,154610,2095276192,52.94
broadcast,128,4,300844,2095276192,54.41
gather,128,4,297528,2095276192,55.02
transfer,128,4,272556,2095276192,60.06
gather,128,4,240520,2095276192,68.06
broadcast,256,4,360518,2095276192,90.81
gather,256,4,358482,2095276192,91.33
transfer,256,4,283524,2095276192,115.47
gather,256,4,319158,2095276192,102.58
broadcast,512,4,316240,2095276192,207.05
gather,512,4,632198,2095276192,103.57
transfer,512,4,419572,2095276192,156.06
gather,512,4,505360,2095276192,129.57
broadcast,1024,4,238236,2095276192,549.69
gather,1024,4,867400,2095276192,150.97
transfer,1024,4,633004,2095276192,206.88
gather,1024,4,1010514,2095276192,129.59
broadcast,2048,4,341874,2095276192,766.10
gather,2048,4,1787970,2095276192,146.48
transfer,2048,4,1378370,2095276192,190.01
gather,2048,4,1754256,2095276192,149.30
broadcast,4096,4,505106,2095276192,1037.05
gather,4096,4,3360294,2095276192,155.88
transfer,4096,4,2414266,2095276192,216.97
gather,4096,4,3358958,2095276192,155.95
broadcast,8192,4,930740,2095276192,1125.60
gather,8192,4,6406362,2095276192,163.53
transfer,8192,4,4791146,2095276192,218.66
gather,8192,4,6539168,2095276192,160.21
broadcast,16384,4,1602370,2095276192,1307.61
gather,16384,4,13143848,2095276192,159.41
transfer,16384,4,9482740,2095276192,220.96
gather,16384,4,9978452,2095276192,209.98
broadcast,32768,4,3022432,2095276192,1386.48
gather,32768,4,26673332,2095276192,157.11
transfer,32768,4,11916096,2095276192,351.67
gather,32768,4,15574046,2095276192,269.07
broadcast,65536,4,6020794,2095276192,1392.03
gather,65536,4,53726048,2095276192,156.00
transfer,65536,4,22066766,2095276192,379.81
gather,65536,4,31685374,2095276192,264.51
broadcast,131072,4,11700084,2095276192,1432.66
gather,131072,4,90842172,2095276192,184.52
transfer,131072,4,42783480,2095276192,391.79
gather,131072,4,68176386,2095276192,245.87
broadcast,262144,4,23145396,2095276192,1448.43
gather,262144,4,152042172,2095276192,220.49
transfer,262144,4,86846700,2095276192,386.02
gather,262144,4,132105174,2095276192,253.77
broadcast,524288,4,41417794,2095276192,1618.84
gather,524288,4,282010038,2095276192,237.75
transfer,524288,4,162082180,2095276192,413.67
gather,524288,4,272285382,2095276192,246.24
broadcast,1048576,4,61580938,2095276192,2177.58
gather,1048576,4,629369244,2095276192,213.07
transfer,1048576,4,372288742,2095276192,360.20
gather,1048576,4,621587302,2095276192,215.73
broadcast,2097152,4,98711284,2095276192,2716.97
gather,2097152,4,1113096450,2095276192,240.95
transfer,2097152,4,717132692,2095276192,373.98
gather,2097152,4,1355056220,2095276192,197.92
broadcast,4194304,4,153196826,2095276192,3501.32
gather,4194304,4,2524315272,2095276192,212.49
transfer,4194304,4,1469216918,2095276192,365.09
gather,4194304,4,2666217748,2095276192,201.18
broadcast,8388608,4,248174214,2095276192,4322.69
gather,8388608,4,4571873948,2095276192,234.65
transfer,8388608,4,2455890678,2095276192,436.82
gather,8388608,4,4590409188,2095276192,233.70
broadcast,16777216,4,528452036,2095276192,4060.09
gather,16777216,4,13067391822,2095276192,164.19
transfer,16777216,4,6301270224,2095276192,340.50
gather,16777216,4,11952685212,2095276192,179.50
broadcast,33554432,4,972558978,2095276192,4412.20
gather,33554432,4,18413151874,2095276192,233.05
transfer,33554432,4,9845191302,2095276192,435.86
gather,33554432,4,18450740558,2095276192,232.57
broadcast,64,5,324240,2095276192,25.24
gather,64,5,140150,2095276192,58.40
transfer,64,5,137388,2095276192,59.57
gather,64,5,202918,2095276192,40.33
broadcast,128,5,321864,2095276192,50.86
gather,128,5,291562,2095276192,56.14
transfer,128,5,212440,2095276192,77.05
gather,128,5,229606,2095276192,71.29
broadcast,256,5,304010,2095276192,107.69
gather,256,5,500904,2095276192,65.36
transfer,256,5,466598,2095276192,70.16
gather,256,5,503606,2095276192,65.01
broadcast,512,5,277534,2095276192,235.93
gather,512,5,512646,2095276192,127.72
transfer,512,5,381164,2095276192,171.78
gather,512,5,524298,2095276192,124.89
broadcast,1024,5,340242,2095276192,384.89
gather,1024,5,753172,2095276192,173.87
transfer,1024,5,650020,2095276192,201.46
gather,1024,5,785834,2095276192,166.64
broadcast,2048,5,656380,2095276192,399.02
gather,2048,5,1407156,2095276192,186.13
transfer,2048,5,1135652,2095276192,230.62
gather,2048,5,1650702,2095276192,158.67
broadcast,4096,5,458890,2095276192,1141.49
gather,4096,5,2864368,2095276192,182.87
transfer,4096,5,1866158,2095276192,280.69
gather,4096,5,2672344,2095276192,196.01
broadcast,8192,5,1002774,2095276192,1044.74
gather,8192,5,5612148,2095276192,186.67
transfer,8192,5,4477250,2095276192,233.99
gather,8192,5,5526792,2095276192,189.56
broadcast,16384,5,1381006,2095276192,1517.21
gather,16384,5,10345026,2095276192,202.54
transfer,16384,5,8013314,2095276192,261.47
gather,16384,5,10443338,2095276192,200.63
broadcast,32768,5,2457188,2095276192,1705.43
gather,32768,5,20946128,2095276192,200.06
transfer,32768,5,11991178,2095276192,349.47
gather,32768,5,14839092,2095276192,282.40
broadcast,65536,5,4952802,2095276192,1692.19
gather,65536,5,51835610,2095276192,161.69
transfer,65536,5,21457184,2095276192,390.60
gather,65536,5,35016568,2095276192,239.35
broadcast,131072,5,9132112,2095276192,1835.52
gather,131072,5,65354916,2095276192,256.48
transfer,131072,5,25037164,2095276192,669.49
gather,131072,5,37711058,2095276192,444.49
broadcast,262144,5,19071570,2095276192,1757.82
gather,262144,5,142471680,2095276192,235.31
transfer,262144,5,62786854,2095276192,533.94
gather,262144,5,107158672,2095276192,312.85
broadcast,524288,5,35268670,2095276192,1901.09
gather,524288,5,187879782,2095276192,356.87
transfer,524288,5,99789600,2095276192,671.90
gather,524288,5,178091570,2095276192,376.49
broadcast,1048576,5,57159354,2095276192,2346.03
gather,1048576,5,659684046,2095276192,203.28
transfer,1048576,5,273803048,2095276192,489.76
gather,1048576,5,648124362,2095276192,206.90
broadcast,2097152,5,76764510,2095276192,3493.74
gather,2097152,5,935758198,2095276192,286.61
transfer,2097152,5,467313984,2095276192,573.91
gather,2097152,5,921599942,2095276192,291.01
broadcast,4194304,5,134564454,2095276192,3986.12
gather,4194304,5,2821601624,2095276192,190.10
transfer,4194304,5,1068416078,2095276192,502.04
gather,4194304,5,2851339268,2095276192,188.12
broadcast,8388608,5,208431838,2095276192,5146.92
gather,8388608,5,3860195892,2095276192,277.91
transfer,8388608,5,1890013340,2095276192,567.61
gather,8388608,5,4037951890,2095276192,265.67
broadcast,16777216,5,434977538,2095276192,4932.58
gather,16777216,5,11712107970,2095276192,183.19
transfer,16777216,5,4234243032,2095276192,506.72
gather,16777216,5,11587578718,2095276192,185.16
broadcast,33554432,5,759611104,2095276192,5649.11
gather,33554432,5,16899049690,2095276192,253.93
transfer,33554432,5,7480855576,2095276192,573.61
gather,33554432,5,15434408054,2095276192,278.02
broadcast,64,6,317570,2095276192,25.77
gather,64,6,284144,2095276192,28.80
transfer,64,6,232404,2095276192,35.22
gather,64,6,213334,2095276192,38.37
broadcast,128,6,409916,2095276192,39.93
gather,128,6,320084,2095276192,51.14
transfer,128,6,287188,2095276192,57.00
gather,128,6,245912,2095276192,66.57
broadcast,256,6,387180,2095276192,84.56
gather,256,6,309998,2095276192,105.61
transfer,256,6,243036,2095276192,134.71
gather,256,6,321642,2095276192,101.79
broadcast,512,6,474232,2095276192,138.07
gather,512,6,491784,2095276192,133.14
transfer,512,6,380278,2095276192,172.18
gather,512,6,436180,2095276192,150.12
broadcast,1024,6,330930,2095276192,395.72
gather,1024,6,759690,2095276192,172.38
transfer,1024,6,561154,2095276192,233.37
gather,1024,6,764624,2095276192,171.27
broadcast,2048,6,589534,2095276192,444.27
gather,2048,6,1254506,2095276192,208.78
transfer,2048,6,997266,2095276192,262.63
gather,2048,6,1382582,2095276192,189.44
broadcast,4096,6,806904,2095276192,649.17
gather,4096,6,2546886,2095276192,205.67
transfer,4096,6,1831668,2095276192,285.98
gather,4096,6,2647086,2095276192,197.89
broadcast,8192,6,1077764,2095276192,972.05
gather,8192,6,4741858,2095276192,220.93
transfer,8192,6,3560288,2095276192,294.26
gather,8192,6,4690634,2095276192,223.35
broadcast,16384,6,1374262,2095276192,1524.66
gather,16384,6,9429308,2095276192,222.21
transfer,16384,6,7418840,2095276192,282.43
gather,16384,6,8510892,2095276192,246.19
broadcast,32768,6,2584992,2095276192,1621.11
gather,32768,6,21639414,2095276192,193.65
transfer,32768,6,13397840,2095276192,312.78
gather,32768,6,18840682,2095276192,222.42
broadcast,65536,6,4431846,2095276192,1891.11
gather,65536,6,43610472,2095276192,192.18
transfer,65536,6,21760642,2095276192,385.15
gather,65536,6,29182448,2095276192,287.20
broadcast,131072,6,8351430,2095276192,2007.11
gather,131072,6,77863596,2095276192,215.28
transfer,131072,6,34717078,2095276192,482.82
gather,131072,6,53160066,2095276192,315.32
broadcast,262144,6,15073088,2095276192,2224.12
gather,262144,6,89519620,2095276192,374.49
transfer,262144,6,42386966,2095276192,790.91
gather,262144,6,60584594,2095276192,553.35
broadcast,524288,6,34823364,2095276192,1925.40
gather,524288,6,262737034,2095276192,255.19
transfer,524288,6,120912180,2095276192,554.53
gather,524288,6,223423274,2095276192,300.10
broadcast,1048576,6,49347954,2095276192,2717.39
gather,1048576,6,372086666,2095276192,360.39
transfer,1048576,6,215118090,2095276192,623.37
gather,1048576,6,566162358,2095276192,236.85
broadcast,2097152,6,81361140,2095276192,3296.36
gather,2097152,6,1162798558,2095276192,230.65
transfer,2097152,6,510459030,2095276192,525.40
gather,2097152,6,1197748530,2095276192,223.92
broadcast,4194304,6,103674162,2095276192,5173.81
gather,4194304,6,2016121286,2095276192,266.05
transfer,4194304,6,1002544740,2095276192,535.03
gather,4194304,6,2479547486,2095276192,216.33
broadcast,8388608,6,200190532,2095276192,5358.80
gather,8388608,6,4958514330,2095276192,216.35
transfer,8388608,6,1987959084,2095276192,539.64
gather,8388608,6,4973816908,2095276192,215.69
broadcast,16777216,6,393592574,2095276192,5451.23
gather,16777216,6,10031352254,2095276192,213.89
transfer,16777216,6,3968238252,2095276192,540.68
gather,16777216,6,10120965916,2095276192,211.99
broadcast,33554432,6,690217638,2095276192,6217.06
gather,33554432,6,20212834910,2095276192,212.30
transfer,33554432,6,7841747464,2095276192,547.22
gather,33554432,6,20165682130,2095276192,212.79
broadcast,64,7,419048,2095276192,19.53
gather,64,7,284786,2095276192,28.74
transfer,64,7,249992,2095276192,32.74
gather,64,7,215336,2095276192,38.01
broadcast,128,7,415864,2095276192,39.36
gather,128,7,314686,2095276192,52.02
transfer,128,7,233078,2095276192,70.23
gather,128,7,354668,2095276192,46.15
broadcast,256,7,284726,2095276192,114.98
gather,256,7,371136,2095276192,88.21
transfer,256,7,290332,2095276192,112.76
gather,256,7,294006,2095276192,111.35
broadcast,512,7,417470,2095276192,156.84
gather,512,7,475538,2095276192,137.69
transfer,512,7,410860,2095276192,159.37
gather,512,7,426504,2095276192,153.52
broadcast,1024,7,454592,2095276192,288.07
gather,1024,7,782058,2095276192,167.45
transfer,1024,7,511670,2095276192,255.94
gather,1024,7,708280,2095276192,184.89
broadcast,2048,7,329512,2095276192,794.84
gather,2048,7,1086082,2095276192,241.15
transfer,2048,7,884410,2095276192,296.14
gather,2048,7,1293248,2095276192,202.52
broadcast,4096,7,461574,2095276192,1134.85
gather,4096,7,1977558,2095276192,264.88
transfer,4096,7,1515610,2095276192,345.62
gather,4096,7,2038272,2095276192,256.99
broadcast,8192,7,801068,2095276192,1307.80
gather,8192,7,4161720,2095276192,251.73
transfer,8192,7,3115220,2095276192,336.30
gather,8192,7,4278658,2095276192,244.85
broadcast,16384,7,1167934,2095276192,1794.00
gather,16384,7,8456142,2095276192,247.78
transfer,16384,7,6470134,2095276192,323.84
gather,16384,7,8224896,2095276192,254.75
broadcast,32768,7,3298400,2095276192,1270.48
gather,32768,7,25541610,2095276192,164.07
transfer,32768,7,14364164,2095276192,291.74
gather,32768,7,16211992,2095276192,258.48
broadcast,65536,7,3700086,2095276192,2265.11
gather,65536,7,35853538,2095276192,233.76
transfer,65536,7,18855874,2095276192,444.48
gather,65536,7,31002518,2095276192,270.34
broadcast,131072,7,6595698,2095276192,2541.39
gather,131072,7,54076636,2095276192,309.97
transfer,131072,7,28976804,2095276192,578.47
gather,131072,7,38755072,2095276192,432.52
broadcast,262144,7,13815832,2095276192,2426.52
gather,262144,7,116412374,2095276192,287.98
transfer,262144,7,63478870,2095276192,528.12
gather,262144,7,99525684,2095276192,336.84
broadcast,524288,7,25482312,2095276192,2631.19
gather,524288,7,149338044,2095276192,448.97
transfer,524288,7,88177560,2095276192,760.38
gather,524288,7,131231624,2095276192,510.92
broadcast,1048576,7,44362110,2095276192,3022.80
gather,1048576,7,477462208,2095276192,280.86
transfer,1048576,7,249599106,2095276192,537.25
gather,1048576,7,474571500,2095276192,282.57
broadcast,2097152,7,70092732,2095276192,3826.29
gather,2097152,7,1052689270,2095276192,254.77
transfer,2097152,7,479338246,2095276192,559.51
gather,2097152,7,1057049674,2095276192,253.72
broadcast,4194304,7,112671834,2095276192,4760.65
gather,4194304,7,2155611736,2095276192,248.83
transfer,4194304,7,955445954,2095276192,561.40
gather,4194304,7,2164490124,2095276192,247.81
broadcast,8388608,7,191441036,2095276192,5603.72
gather,8388608,7,4463323214,2095276192,240.35
transfer,8388608,7,1916466352,2095276192,559.77
gather,8388608,7,4523401192,2095276192,237.16
broadcast,16777216,7,339538526,2095276192,6319.06
gather,16777216,7,9108500342,2095276192,235.56
transfer,16777216,7,3855167890,2095276192,556.54
gather,16777216,7,9106419046,2095276192,235.61
broadcast,33554432,7,642384390,2095276192,6680.00
gather,33554432,7,17334393672,2095276192,247.55
transfer,33554432,7,7969240846,2095276192,538.46
gather,33554432,7,16103600996,2095276192,266.47
broadcast,64,8,460170,2095276192,17.79
gather,64,8,313822,2095276192,26.08
transfer,64,8,414486,2095276192,19.75
gather,64,8,228042,2095276192,35.89
broadcast,128,8,247144,2095276192,66.23
gather,128,8,292710,2095276192,55.92
transfer,128,8,276158,2095276192,59.28
gather,128,8,304974,2095276192,53.67
broadcast,256,8,392284,2095276192,83.46
gather,256,8,324652,2095276192,100.84
transfer,256,8,338216,2095276192,96.80
gather,256,8,319964,2095276192,102.32
broadcast,512,8,512418,2095276192,127.78
gather,512,8,635746,2095276192,102.99
transfer,512,8,592530,2095276192,110.50
gather,512,8,840022,2095276192,77.95
broadcast,1024,8,484436,2095276192,270.32
gather,1024,8,757804,2095276192,172.81
transfer,1024,8,591460,2095276192,221.41
gather,1024,8,689216,2095276192,190.01
broadcast,2048,8,469330,2095276192,558.05
gather,2048,8,1264300,2095276192,207.16
transfer,2048,8,849670,2095276192,308.25
gather,2048,8,1173890,2095276192,223.11
broadcast,4096,8,534194,2095276192,980.58
gather,4096,8,2154690,2095276192,243.11
transfer,4096,8,1596408,2095276192,328.12
gather,4096,8,2375938,2095276192,220.47
broadcast,8192,8,822386,2095276192,1273.90
gather,8192,8,3986598,2095276192,262.79
transfer,8192,8,3052084,2095276192,343.25
gather,8192,8,4192576,2095276192,249.88
broadcast,16384,8,1757712,2095276192,1192.05
gather,16384,8,11424234,2095276192,183.41
transfer,16384,8,8887514,2095276192,235.76
gather,16384,8,11682522,2095276192,179.35
broadcast,32768,8,3297756,2095276192,1270.73
gather,32768,8,22804122,2095276192,183.76
transfer,32768,8,15420678,2095276192,271.75
gather,32768,8,16379344,2095276192,255.84
broadcast,65536,8,5297516,2095276192,1582.08
gather,65536,8,34920346,2095276192,240.01
transfer,65536,8,17980928,2095276192,466.11
gather,65536,8,29042448,2095276192,288.58
broadcast,131072,8,6778494,2095276192,2472.85
gather,131072,8,63846136,2095276192,262.54
transfer,131072,8,26051332,2095276192,643.43
gather,131072,8,55859484,2095276192,300.08
broadcast,262144,8,20435050,2095276192,1640.54
gather,262144,8,107113844,2095276192,312.98
transfer,262144,8,51748808,2095276192,647.83
gather,262144,8,101875034,2095276192,329.07
broadcast,524288,8,23476222,2095276192,2856.03
gather,524288,8,198177690,2095276192,338.33
transfer,524288,8,109707540,2095276192,611.16
gather,524288,8,188771390,2095276192,355.19
broadcast,1048576,8,43026918,2095276192,3116.60
gather,1048576,8,435333384,2095276192,308.03
transfer,1048576,8,247514618,2095276192,541.78
gather,1048576,8,372482364,2095276192,360.01
broadcast,2097152,8,67232934,2095276192,3989.05
gather,2097152,8,865312112,2095276192,309.94
transfer,2097152,8,519289720,2095276192,516.47
gather,2097152,8,865260734,2095276192,309.96
broadcast,4194304,8,103000672,2095276192,5207.64
gather,4194304,8,1834128182,2095276192,292.45
transfer,4194304,8,1073290694,2095276192,499.76
gather,4194304,8,1807630660,2095276192,296.74
broadcast,8388608,8,171022638,2095276192,6272.75
gather,8388608,8,3770542292,2095276192,284.52
transfer,8388608,8,2141013744,2095276192,501.06
gather,8388608,8,3724377824,2095276192,288.04
broadcast,16777216,8,311095822,2095276192,6896.79
gather,16777216,8,7609354806,2095276192,281.96
transfer,16777216,8,4259717902,2095276192,503.69
gather,16777216,8,7535825686,2095276192,284.72
broadcast,33554432,8,584334260,2095276192,7343.61
gather,33554432,8,15797091432,2095276192,271.64
transfer,33554432,8,8376138012,2095276192,512.30
gather,33554432,8,15147615866,2095276192,283.29
broadcast,64,9,494118,2095276192,16.56
gather,64,9,261616,2095276192,31.29
transfer,64,9,270810,2095276192,30.22
gather,64,9,278722,2095276192,29.37
broadcast,128,9,483208,2095276192,33.88
gather,128,9,357770,2095276192,45.75
transfer,128,9,353420,2095276192,46.32
gather,128,9,346476,2095276192,47.25
broadcast,256,9,464982,2095276192,70.41
gather,256,9,338256,2095276192,96.79
transfer,256,9,319156,2095276192,102.58
gather,256,9,393996,2095276192,83.09
broadcast,512,9,596600,2095276192,109.75
gather,512,9,730022,2095276192,89.69
transfer,512,9,576574,2095276192,113.56
gather,512,9,604478,2095276192,108.32
broadcast,1024,9,453050,2095276192,289.05
gather,1024,9,563212,2095276192,232.51
transfer,1024,9,538946,2095276192,242.98
gather,1024,9,662074,2095276192,197.79
broadcast,2048,9,452106,2095276192,579.31
gather,2048,9,928704,2095276192,282.02
transfer,2048,9,854344,2095276192,306.56
gather,2048,9,1071294,2095276192,244.48
broadcast,4096,9,490664,2095276192,1067.57
gather,4096,9,1803188,2095276192,290.50
transfer,4096,9,1284806,2095276192,407.70
gather,4096,9,2036844,2095276192,257.17
broadcast,8192,9,1013886,2095276192,1033.29
gather,8192,9,5047682,2095276192,207.55
transfer,8192,9,4053062,2095276192,258.48
gather,8192,9,5256624,2095276192,199.30
broadcast,16384,9,1513714,2095276192,1384.20
gather,16384,9,9969822,2095276192,210.16
transfer,16384,9,7868050,2095276192,266.30
gather,16384,9,10128032,2095276192,206.88
broadcast,32768,9,1677118,2095276192,2498.66
gather,32768,9,14150642,2095276192,296.14
transfer,32768,9,9431296,2095276192,444.32
gather,32768,9,13066782,2095276192,320.70
broadcast,65536,9,3022844,2095276192,2772.59
gather,65536,9,34397948,2095276192,243.65
transfer,65536,9,19888082,2095276192,421.41
gather,65536,9,26588654,2095276192,315.21
broadcast,131072,9,9375880,2095276192,1787.80
gather,131072,9,58661122,2095276192,285.75
transfer,131072,9,23489408,2095276192,713.61
gather,131072,9,32757898,2095276192,511.70
broadcast,262144,9,11139668,2095276192,3009.46
gather,262144,9,92414866,2095276192,362.76
transfer,262144,9,47652724,2095276192,703.52
gather,262144,9,81099242,2095276192,413.38
broadcast,524288,9,34713224,2095276192,1931.51
gather,524288,9,196250520,2095276192,341.65
transfer,524288,9,90867276,2095276192,737.88
gather,524288,9,161965216,2095276192,413.97
broadcast,1048576,9,38719324,2095276192,3463.33
gather,1048576,9,349339988,2095276192,383.86
transfer,1048576,9,179859242,2095276192,745.57
gather,1048576,9,379356936,2095276192,353.49
broadcast,2097152,9,62658076,2095276192,4280.30
gather,2097152,9,765459540,2095276192,350.37
transfer,2097152,9,383465548,2095276192,699.40
gather,2097152,9,760664816,2095276192,352.58
broadcast,4194304,9,96774110,2095276192,5542.71
gather,4194304,9,1660171512,2095276192,323.09
transfer,4194304,9,718830632,2095276192,746.20
gather,4194304,9,1650794532,2095276192,324.93
broadcast,8388608,9,154001188,2095276192,6966.06
gather,8388608,9,3370806004,2095276192,318.26
transfer,8388608,9,1441491802,2095276192,744.22
gather,8388608,9,3355427482,2095276192,319.72
broadcast,16777216,9,263689322,2095276192,8136.71
gather,16777216,9,6702411604,2095276192,320.12
transfer,16777216,9,2761415688,2095276192,776.98
gather,16777216,9,6683340198,2095276192,321.03
broadcast,33554432,9,491133668,2095276192,8737.18
gather,33554432,9,13649090506,2095276192,314.39
transfer,33554432,9,5620676818,2095276192,763.45
gather,33554432,9,13620184444,2095276192,315.06
broadcast,64,10,477218,2095276192,17.15
gather,64,10,328980,2095276192,24.88
transfer,64,10,295980,2095276192,27.65
gather,64,10,308098,2095276192,26.57
broadcast,128,10,483512,2095276192,33.86
gather,128,10,441854,2095276192,37.05
transfer,128,10,516436,2095276192,31.70
gather,128,10,501400,2095276192,32.65
broadcast,256,10,559444,2095276192,58.52
gather,256,10,461396,2095276192,70.96
transfer,256,10,485746,2095276192,67.40
gather,256,10,588916,2095276192,55.59
broadcast,512,10,537524,2095276192,121.81
gather,512,10,483448,2095276192,135.44
transfer,512,10,464884,2095276192,140.85
gather,512,10,470542,2095276192,139.15
broadcast,1024,10,573648,2095276192,228.28
gather,1024,10,852726,2095276192,153.57
transfer,1024,10,763770,2095276192,171.46
gather,1024,10,767910,2095276192,170.53
broadcast,2048,10,536102,2095276192,488.54
gather,2048,10,1177008,2095276192,222.52
transfer,2048,10,783786,2095276192,334.16
gather,2048,10,1054148,2095276192,248.46
broadcast,4096,10,781952,2095276192,669.89
gather,4096,10,2623332,2095276192,199.68
transfer,4096,10,2003744,2095276192,261.42
gather,4096,10,2462162,2095276192,212.75
broadcast,8192,10,901732,2095276192,1161.81
gather,8192,10,3166112,2095276192,330.89
transfer,8192,10,2393768,2095276192,437.65
gather,8192,10,3169392,2095276192,330.55
broadcast,16384,10,1546738,2095276192,1354.64
gather,16384,10,9236252,2095276192,226.85
transfer,16384,10,7173106,2095276192,292.10
gather,16384,10,9182280,2095276192,228.19
broadcast,32768,10,1587324,2095276192,2640.01
gather,32768,10,14751198,2095276192,284.08
transfer,32768,10,8267870,2095276192,506.85
gather,32768,10,13768108,2095276192,304.37
broadcast,65536,10,4438932,2095276192,1888.09
gather,65536,10,36017386,2095276192,232.70
transfer,65536,10,15083928,2095276192,555.63
gather,65536,10,22412648,2095276192,373.95
broadcast,131072,10,8510690,2095276192,1969.55
gather,131072,10,59433270,2095276192,282.03
transfer,131072,10,26341874,2095276192,636.33
gather,131072,10,59926754,2095276192,279.71
broadcast,262144,10,14105610,2095276192,2376.67
gather,262144,10,83996134,2095276192,399.12
transfer,262144,10,33967542,2095276192,986.95
gather,262144,10,69895356,2095276192,479.64
broadcast,524288,10,18707618,2095276192,3584.04
gather,524288,10,171740654,2095276192,390.41
transfer,524288,10,80922452,2095276192,828.56
gather,524288,10,135131250,2095276192,496.18
broadcast,1048576,10,32750132,2095276192,4094.57
gather,1048576,10,324277996,2095276192,413.53
transfer,1048576,10,191476454,2095276192,700.34
gather,1048576,10,353666722,2095276192,379.16
broadcast,2097152,10,53886650,2095276192,4977.03
gather,2097152,10,677797564,2095276192,395.69
transfer,2097152,10,354008106,2095276192,757.60
gather,2097152,10,657931010,2095276192,407.63
broadcast,4194304,10,89387696,2095276192,6000.72
gather,4194304,10,1379410682,2095276192,388.85
transfer,4194304,10,783761730,2095276192,684.38
gather,4194304,10,1449457484,2095276192,370.06
broadcast,8388608,10,144890366,2095276192,7404.09
gather,8388608,10,2793930216,2095276192,383.97
transfer,8388608,10,1402897456,2095276192,764.69
gather,8388608,10,2766993426,2095276192,387.71
broadcast,16777216,10,255839768,2095276192,8386.35
gather,16777216,10,5462543014,2095276192,392.78
transfer,16777216,10,2884899272,2095276192,743.72
gather,16777216,10,5447844336,2095276192,393.84
broadcast,33554432,10,451032310,2095276192,9514.01
gather,33554432,10,13086876436,2095276192,327.90
transfer,33554432,10,5591263782,2095276192,767.47
gather,33554432,10,10564724202,2095276192,406.17
broadcast,64,11,577722,2095276192,14.17
gather,64,11,355908,2095276192,23.00
transfer,64,11,395984,2095276192,20.67
gather,64,11,431532,2095276192,18.97
broadcast,128,11,520652,2095276192,31.44
gather,128,11,384336,2095276192,42.59
transfer,128,11,576950,2095276192,28.37
gather,128,11,396778,2095276192,41.26
broadcast,256,11,395048,2095276192,82.87
gather,256,11,391346,2095276192,83.66
transfer,256,11,390420,2095276192,83.86
gather,256,11,376584,2095276192,86.94
broadcast,512,11,403222,2095276192,162.39
gather,512,11,421336,2095276192,155.40
transfer,512,11,524960,2095276192,124.73
gather,512,11,597122,2095276192,109.65
broadcast,1024,11,4082454,2095276192,32.08
gather,1024,11,733062,2095276192,178.64
transfer,1024,11,712554,2095276192,183.78
gather,1024,11,927224,2095276192,141.23
broadcast,2048,11,507614,2095276192,515.96
gather,2048,11,817312,2095276192,320.45
transfer,2048,11,747850,2095276192,350.22
gather,2048,11,963442,2095276192,271.85
broadcast,4096,11,627032,2095276192,835.39
gather,4096,11,2353440,2095276192,222.58
transfer,4096,11,1721900,2095276192,304.21
gather,4096,11,2335306,2095276192,224.30
broadcast,8192,11,800316,2095276192,1309.03
gather,8192,11,4525872,2095276192,231.48
transfer,8192,11,3427990,2095276192,305.61
gather,8192,11,4653136,2095276192,225.15
broadcast,16384,11,1312210,2095276192,1596.75
gather,16384,11,8151006,2095276192,257.06
transfer,16384,11,6530534,2095276192,320.84
gather,16384,11,7866288,2095276192,266.36
broadcast,32768,11,2263336,2095276192,1851.49
gather,32768,11,18089072,2095276192,231.66
transfer,32768,11,11639332,2095276192,360.03
gather,32768,11,14190760,2095276192,295.30
broadcast,65536,11,2644196,2095276192,3169.62
gather,65536,11,24551090,2095276192,341.37
transfer,65536,11,14413272,2095276192,581.49
gather,65536,11,22387396,2095276192,374.37
broadcast,131072,11,4645290,2095276192,3608.43
gather,131072,11,50178032,2095276192,334.05
transfer,131072,11,19445906,2095276192,861.99
gather,131072,11,33703372,2095276192,497.35
broadcast,262144,11,18140694,2095276192,1848.02
gather,262144,11,90992804,2095276192,368.43
transfer,262144,11,33722498,2095276192,994.13
gather,262144,11,75054088,2095276192,446.67
broadcast,524288,11,27584192,2095276192,2430.70
gather,524288,11,166027560,2095276192,403.84
transfer,524288,11,79945770,2095276192,838.68
gather,524288,11,125029274,2095276192,536.27
broadcast,1048576,11,31458616,2095276192,4262.67
gather,1048576,11,277694832,2095276192,482.90
transfer,1048576,11,155109640,2095276192,864.53
gather,1048576,11,281207654,2095276192,476.86
broadcast,2097152,11,58947752,2095276192,4549.71
gather,2097152,11,639080554,2095276192,419.66
transfer,2097152,11,287491196,2095276192,932.88
gather,2097152,11,611296838,2095276192,438.73
broadcast,4194304,11,89330520,2095276192,6004.56
gather,4194304,11,1167380760,2095276192,459.48
transfer,4194304,11,631048068,2095276192,850.00
gather,4194304,11,1147856778,2095276192,467.30
broadcast,8388608,11,160360360,2095276192,6689.82
gather,8388608,11,2704239766,2095276192,396.70
transfer,8388608,11,1134647596,2095276192,945.48
gather,8388608,11,2508030566,2095276192,427.74
broadcast,16777216,11,230903524,2095276192,9292.03
gather,16777216,11,4833181964,2095276192,443.92
transfer,16777216,11,2333694442,2095276192,919.38
gather,16777216,11,4825620012,2095276192,444.62
broadcast,33554432,11,446444578,2095276192,9611.78
gather,33554432,11,9643725862,2095276192,444.97
transfer,33554432,11,4347427746,2095276192,987.05
gather,33554432,11,9514987648,2095276192,450.99
broadcast,64,12,435440,2095276192,18.80
gather,64,12,396212,2095276192,20.66
transfer,64,12,455474,2095276192,17.97
gather,64,12,363228,2095276192,22.53
broadcast,128,12,440424,2095276192,37.17
gather,128,12,372284,2095276192,43.97
transfer,128,12,350226,2095276192,46.74
gather,128,12,359316,2095276192,45.56
broadcast,256,12,627856,2095276192,52.14
gather,256,12,475324,2095276192,68.88
transfer,256,12,525582,2095276192,62.29
gather,256,12,526304,2095276192,62.20
broadcast,512,12,546230,2095276192,119.87
gather,512,12,558206,2095276192,117.30
transfer,512,12,514012,2095276192,127.38
gather,512,12,473782,2095276192,138.20
broadcast,1024,12,528388,2095276192,247.84
gather,1024,12,825526,2095276192,158.63
transfer,1024,12,807014,2095276192,162.27
gather,1024,12,901252,2095276192,145.30
broadcast,2048,12,615038,2095276192,425.84
gather,2048,12,2285438,2095276192,114.60
transfer,2048,12,1028682,2095276192,254.61
gather,2048,12,1286740,2095276192,203.55
broadcast,4096,12,472768,2095276192,1107.98
gather,4096,12,1337118,2095276192,391.75
transfer,4096,12,1311444,2095276192,399.42
gather,4096,12,1621842,2095276192,322.98
broadcast,8192,12,845086,2095276192,1239.68
gather,8192,12,4054284,2095276192,258.40
transfer,8192,12,2996926,2095276192,349.57
gather,8192,12,4167208,2095276192,251.40
broadcast,16384,12,885808,2095276192,2365.38
gather,16384,12,4950260,2095276192,423.27
transfer,16384,12,3948176,2095276192,530.69
gather,16384,12,5674916,2095276192,369.22
broadcast,32768,12,2022374,2095276192,2072.10
gather,32768,12,15760016,2095276192,265.90
transfer,32768,12,9874068,2095276192,424.40
gather,32768,12,12721318,2095276192,329.41
broadcast,65536,12,3172206,2095276192,2642.04
gather,65536,12,29065706,2095276192,288.35
transfer,65536,12,14350696,2095276192,584.02
gather,65536,12,19804086,2095276192,423.20
broadcast,131072,12,7281476,2095276192,2302.03
gather,131072,12,48711006,2095276192,344.12
transfer,131072,12,23438002,2095276192,715.17
gather,131072,12,37843110,2095276192,442.94
broadcast,262144,12,8368394,2095276192,4006.08
gather,262144,12,81420560,2095276192,411.74
transfer,262144,12,49203134,2095276192,681.35
gather,262144,12,69132300,2095276192,484.93
broadcast,524288,12,24769122,2095276192,2706.95
gather,524288,12,142299058,2095276192,471.18
transfer,524288,12,61428332,2095276192,1091.50
gather,524288,12,122430122,2095276192,547.65
broadcast,1048576,12,30513286,2095276192,4394.73
gather,1048576,12,291778386,2095276192,459.59
transfer,1048576,12,144441880,2095276192,928.39
gather,1048576,12,278323292,2095276192,481.81
broadcast,2097152,12,53981494,2095276192,4968.28
gather,2097152,12,565503112,2095276192,474.26
transfer,2097152,12,264177866,2095276192,1015.21
gather,2097152,12,541828730,2095276192,494.98
broadcast,4194304,12,78474184,2095276192,6835.25
gather,4194304,12,1012886880,2095276192,529.57
transfer,4194304,12,513869540,2095276192,1043.83
gather,4194304,12,1003601846,2095276192,534.47
broadcast,8388608,12,130431416,2095276192,8224.87
gather,8388608,12,2266877044,2095276192,473.24
transfer,8388608,12,1001907386,2095276192,1070.74
gather,8388608,12,2321305544,2095276192,462.15
broadcast,16777216,12,215300144,2095276192,9965.45
gather,16777216,12,4552680852,2095276192,471.27
transfer,16777216,12,1993816900,2095276192,1076.11
gather,16777216,12,4538935276,2095276192,472.70
broadcast,33554432,12,405939810,2095276192,10570.84
gather,33554432,12,8758132224,2095276192,489.96
transfer,33554432,12,3961515770,2095276192,1083.20
gather,33554432,12,8794334146,2095276192,487.94
broadcast,64,13,474312,2095276192,17.26
gather,64,13,420632,2095276192,19.46
transfer,64,13,356510,2095276192,22.96
gather,64,13,308002,2095276192,26.57
broadcast,128,13,551048,2095276192,29.71
gather,128,13,454222,2095276192,36.04
transfer,128,13,505198,2095276192,32.40
gather,128,13,591688,2095276192,27.67
broadcast,256,13,402812,2095276192,81.28
gather,256,13,463228,2095276192,70.68
transfer,256,13,513548,2095276192,63.75
gather,256,13,546054,2095276192,59.96
broadcast,512,13,627164,2095276192,104.40
gather,512,13,611282,2095276192,107.11
transfer,512,13,634476,2095276192,103.20
gather,512,13,751686,2095276192,87.11
broadcast,1024,13,815254,2095276192,160.63
gather,1024,13,635128,2095276192,206.19
transfer,1024,13,791204,2095276192,165.51
gather,1024,13,884912,2095276192,147.99
broadcast,2048,13,566390,2095276192,462.42
gather,2048,13,1228788,2095276192,213.14
transfer,2048,13,1494376,2095276192,175.26
gather,2048,13,882774,2095276192,296.69
broadcast,4096,13,650938,2095276192,804.71
gather,4096,13,1559284,2095276192,335.94
transfer,4096,13,1041654,2095276192,502.87
gather,4096,13,1560750,2095276192,335.62
broadcast,8192,13,799260,2095276192,1310.76
gather,8192,13,3782270,2095276192,276.99
transfer,8192,13,2835976,2095276192,369.41
gather,8192,13,3922864,2095276192,267.06
broadcast,16384,13,1210290,2095276192,1731.22
gather,16384,13,7171898,2095276192,292.15
transfer,16384,13,5578896,2095276192,375.57
gather,16384,13,7362762,2095276192,284.58
broadcast,32768,13,1875878,2095276192,2233.92
gather,32768,13,13660366,2095276192,306.77
transfer,32768,13,10940148,2095276192,383.04
gather,32768,13,11845518,2095276192,353.77
broadcast,65536,13,3535448,2095276192,2370.59
gather,65536,13,27671372,2095276192,302.88
transfer,65536,13,13250660,2095276192,632.50
gather,65536,13,23023358,2095276192,364.03
broadcast,131072,13,6674966,2095276192,2511.21
gather,131072,13,48182012,2095276192,347.89
transfer,131072,13,19359016,2095276192,865.86
gather,131072,13,31265642,2095276192,536.12
broadcast,262144,13,13265592,2095276192,2527.17
gather,262144,13,85990668,2095276192,389.86
transfer,262144,13,30229364,2095276192,1109.00
gather,262144,13,67142722,2095276192,499.30
broadcast,524288,13,24850768,2095276192,2698.06
gather,524288,13,140627314,2095276192,476.78
transfer,524288,13,67423838,2095276192,994.44
gather,524288,13,122641894,2095276192,546.70
broadcast,1048576,13,28043374,2095276192,4781.80
gather,1048576,13,256455144,2095276192,522.89
transfer,1048576,13,130904460,2095276192,1024.39
gather,1048576,13,240597160,2095276192,557.35
broadcast,2097152,13,47182852,2095276192,5684.17
gather,2097152,13,531868828,2095276192,504.25
transfer,2097152,13,258021972,2095276192,1039.43
gather,2097152,13,519256762,2095276192,516.50
broadcast,4194304,13,78692016,2095276192,6816.33
gather,4194304,13,1077886732,2095276192,497.63
transfer,4194304,13,485359038,2095276192,1105.14
gather,4194304,13,1055826440,2095276192,508.03
broadcast,8388608,13,160673744,2095276192,6676.77
gather,8388608,13,2322775118,2095276192,461.85
transfer,8388608,13,981128394,2095276192,1093.42
gather,8388608,13,2055291220,2095276192,521.96
broadcast,16777216,13,209791420,2095276192,10227.12
gather,16777216,13,4547193998,2095276192,471.84
transfer,16777216,13,1880691530,2095276192,1140.84
gather,16777216,13,4314313896,2095276192,497.31
broadcast,33554432,13,364796246,2095276192,11763.08
gather,33554432,13,8356745942,2095276192,513.49
transfer,33554432,13,3777523548,2095276192,1135.96
gather,33554432,13,8388923126,2095276192,511.52
broadcast,64,14,594980,2095276192,13.76
gather,64,14,415830,2095276192,19.68
transfer,64,14,361222,2095276192,22.66
gather,64,14,359388,2095276192,22.77
broadcast,128,14,582034,2095276192,28.12
gather,128,14,428604,2095276192,38.19
transfer,128,14,515308,2095276192,31.77
gather,128,14,432780,2095276192,37.82
broadcast,256,14,598352,2095276192,54.71
gather,256,14,460918,2095276192,71.03
transfer,256,14,517004,2095276192,63.32
gather,256,14,563012,2095276192,58.15
broadcast,512,14,593076,2095276192,110.40
gather,512,14,532898,2095276192,122.87
transfer,512,14,705180,2095276192,92.85
gather,512,14,661382,2095276192,99.00
broadcast,1024,14,539354,2095276192,242.80
gather,1024,14,848662,2095276192,154.31
transfer,1024,14,810952,2095276192,161.48
gather,1024,14,1003632,2095276192,130.48
broadcast,2048,14,587798,2095276192,445.58
gather,2048,14,1063344,2095276192,246.31
transfer,2048,14,972198,2095276192,269.40
gather,2048,14,940516,2095276192,278.47
broadcast,4096,14,701946,2095276192,746.24
gather,4096,14,1514966,2095276192,345.76
transfer,4096,14,892114,2095276192,587.17
gather,4096,14,1526952,2095276192,343.05
broadcast,8192,14,838854,2095276192,1248.89
gather,8192,14,3567908,2095276192,293.63
transfer,8192,14,3021778,2095276192,346.70
gather,8192,14,3499728,2095276192,299.35
broadcast,16384,14,1151598,2095276192,1819.45
gather,16384,14,6847764,2095276192,305.98
transfer,16384,14,5381802,2095276192,389.33
gather,16384,14,6812068,2095276192,307.58
broadcast,32768,14,2704992,2095276192,1549.19
gather,32768,14,14108942,2095276192,297.01
transfer,32768,14,10265658,2095276192,408.21
gather,32768,14,10879362,2095276192,385.18
broadcast,65536,14,3654452,2095276192,2293.40
gather,65536,14,27410208,2095276192,305.77
transfer,65536,14,16670352,2095276192,502.76
gather,65536,14,20385396,2095276192,411.13
broadcast,131072,14,4016152,2095276192,4173.70
gather,131072,14,40325724,2095276192,415.67
transfer,131072,14,17382884,2095276192,964.29
gather,131072,14,32698982,2095276192,512.62
broadcast,262144,14,12251524,2095276192,2736.35
gather,262144,14,79232442,2095276192,423.11
transfer,262144,14,32485244,2095276192,1031.99
gather,262144,14,53189540,2095276192,630.28
broadcast,524288,14,23591082,2095276192,2842.13
gather,524288,14,128614040,2095276192,521.32
transfer,524288,14,54617590,2095276192,1227.61
gather,524288,14,115392060,2095276192,581.05
broadcast,1048576,14,43210774,2095276192,3103.34
gather,1048576,14,282983594,2095276192,473.87
transfer,1048576,14,121829944,2095276192,1100.70
gather,1048576,14,223604330,2095276192,599.71
broadcast,2097152,14,63813012,2095276192,4202.83
gather,2097152,14,518413284,2095276192,517.34
transfer,2097152,14,241249268,2095276192,1111.69
gather,2097152,14,467062850,2095276192,574.22
broadcast,4194304,14,99714774,2095276192,5379.25
gather,4194304,14,1045075552,2095276192,513.26
transfer,4194304,14,467490944,2095276192,1147.38
gather,4194304,14,931371342,2095276192,575.91
broadcast,8388608,14,138098594,2095276192,7768.23
gather,8388608,14,1890889638,2095276192,567.34
transfer,8388608,14,909612994,2095276192,1179.38
gather,8388608,14,1769432328,2095276192,606.29
broadcast,16777216,14,195620320,2095276192,10968.00
gather,16777216,14,4077500756,2095276192,526.20
transfer,16777216,14,1836241792,2095276192,1168.45
gather,16777216,14,4061001452,2095276192,528.33
broadcast,33554432,14,377358220,2095276192,11371.49
gather,33554432,14,7890448500,2095276192,543.84
transfer,33554432,14,3708207628,2095276192,1157.20
gather,33554432,14,7580356312,2095276192,566.08
broadcast,64,15,857000,2095276192,9.55
gather,64,15,543186,2095276192,15.07
transfer,64,15,565564,2095276192,14.47
gather,64,15,572430,2095276192,14.30
broadcast,128,15,654040,2095276192,25.03
gather,128,15,430622,2095276192,38.01
transfer,128,15,612998,2095276192,26.70
gather,128,15,600538,2095276192,27.26
broadcast,256,15,492766,2095276192,66.44
gather,256,15,544298,2095276192,60.15
transfer,256,15,653780,2095276192,50.08
gather,256,15,705276,2095276192,46.42
broadcast,512,15,1042634,2095276192,62.80
gather,512,15,764034,2095276192,85.70
transfer,512,15,708506,2095276192,92.42
gather,512,15,780044,2095276192,83.94
broadcast,1024,15,705298,2095276192,185.67
gather,1024,15,942810,2095276192,138.90
transfer,1024,15,653664,2095276192,200.34
gather,1024,15,885034,2095276192,147.97
broadcast,2048,15,636174,2095276192,411.69
gather,2048,15,1095766,2095276192,239.02
transfer,2048,15,1086806,2095276192,240.99
gather,2048,15,1463630,2095276192,178.95
broadcast,4096,15,756566,2095276192,692.36
gather,4096,15,1526018,2095276192,343.26
transfer,4096,15,1296516,2095276192,404.02
gather,4096,15,1493370,2095276192,350.76
broadcast,8192,15,937844,2095276192,1117.07
gather,8192,15,3401742,2095276192,307.97
transfer,8192,15,2564310,2095276192,408.55
gather,8192,15,3593836,2095276192,291.51
broadcast,16384,15,1251354,2095276192,1674.41
gather,16384,15,6442104,2095276192,325.25
transfer,16384,15,5151494,2095276192,406.73
gather,16384,15,6717552,2095276192,311.91
broadcast,32768,15,1899798,2095276192,2205.79
gather,32768,15,13337702,2095276192,314.19
transfer,32768,15,10250472,2095276192,408.82
gather,32768,15,11560942,2095276192,362.47
broadcast,65536,15,3397226,2095276192,2467.04
gather,65536,15,26404374,2095276192,317.41
transfer,65536,15,18443972,2095276192,454.41
gather,65536,15,21357068,2095276192,392.43
broadcast,131072,15,5886456,2095276192,2847.59
gather,131072,15,46764422,2095276192,358.44
transfer,131072,15,18373004,2095276192,912.33
gather,131072,15,35777164,2095276192,468.52
broadcast,262144,15,6988260,2095276192,4797.25
gather,262144,15,69448498,2095276192,482.72
transfer,262144,15,26288766,2095276192,1275.24
gather,262144,15,57731570,2095276192,580.69
broadcast,524288,15,12888334,2095276192,5202.29
gather,524288,15,110157264,2095276192,608.66
transfer,524288,15,50893816,2095276192,1317.43
gather,524288,15,105701478,2095276192,634.32
broadcast,1048576,15,41255924,2095276192,3250.39
gather,1048576,15,277467348,2095276192,483.29
transfer,1048576,15,126457914,2095276192,1060.41
gather,1048576,15,216751854,2095276192,618.67
broadcast,2097152,15,45023156,2095276192,5956.83
gather,2097152,15,500134972,2095276192,536.25
transfer,2097152,15,247583324,2095276192,1083.25
gather,2097152,15,458213058,2095276192,585.31
broadcast,4194304,15,93550378,2095276192,5733.71
gather,4194304,15,987702558,2095276192,543.07
transfer,4194304,15,501909438,2095276192,1068.70
gather,4194304,15,929868152,2095276192,576.85
broadcast,8388608,15,122187062,2095276192,8779.83
gather,8388608,15,1869373846,2095276192,573.87
transfer,8388608,15,959976240,2095276192,1117.51
gather,8388608,15,1866501020,2095276192,574.76
broadcast,16777216,15,229986916,2095276192,9329.06
gather,16777216,15,3652611450,2095276192,587.41
transfer,16777216,15,1938214752,2095276192,1106.98
gather,16777216,15,3636179174,2095276192,590.06
broadcast,33554432,15,335773948,2095276192,12779.81
gather,33554432,15,7093516976,2095276192,604.94
transfer,33554432,15,3732090432,2095276192,1149.79
gather,33554432,15,7969311192,2095276192,538.46
broadcast,64,16,681534,2095276192,12.01
gather,64,16,538556,2095276192,15.20
transfer,64,16,520418,2095276192,15.73
gather,64,16,432258,2095276192,18.93
broadcast,128,16,675102,2095276192,24.25
gather,128,16,550036,2095276192,29.76
transfer,128,16,610634,2095276192,26.81
gather,128,16,760394,2095276192,21.53
broadcast,256,16,841316,2095276192,38.91
gather,256,16,573806,2095276192,57.06
transfer,256,16,517684,2095276192,63.24
gather,256,16,613308,2095276192,53.38
broadcast,512,16,700946,2095276192,93.41
gather,512,16,530342,2095276192,123.46
transfer,512,16,509542,2095276192,128.50
gather,512,16,759976,2095276192,86.16
broadcast,1024,16,706384,2095276192,185.39
gather,1024,16,820402,2095276192,159.62
transfer,1024,16,795942,2095276192,164.53
gather,1024,16,933228,2095276192,140.32
broadcast,2048,16,623792,2095276192,419.87
gather,2048,16,1307692,2095276192,200.28
transfer,2048,16,762812,2095276192,343.35
gather,2048,16,1260988,2095276192,207.70
broadcast,4096,16,614292,2095276192,852.72
gather,4096,16,1595926,2095276192,328.22
transfer,4096,16,1474570,2095276192,355.24
gather,4096,16,2031854,2095276192,257.80
broadcast,8192,16,770604,2095276192,1359.50
gather,8192,16,3280830,2095276192,319.32
transfer,8192,16,2734144,2095276192,383.17
gather,8192,16,3452544,2095276192,303.44
broadcast,16384,16,1047424,2095276192,2000.41
gather,16384,16,6524000,2095276192,321.16
transfer,16384,16,4553842,2095276192,460.11
gather,16384,16,6342928,2095276192,330.33
broadcast,32768,16,1795064,2095276192,2334.49
gather,32768,16,13059676,2095276192,320.88
transfer,32768,16,9418950,2095276192,444.91
gather,32768,16,12300494,2095276192,340.68
broadcast,65536,16,3025588,2095276192,2770.07
gather,65536,16,24502986,2095276192,342.04
transfer,65536,16,11618686,2095276192,721.35
gather,65536,16,18239356,2095276192,459.51
broadcast,131072,16,3641806,2095276192,4602.72
gather,131072,16,40031802,2095276192,418.72
transfer,131072,16,20038736,2095276192,836.49
gather,131072,16,32496068,2095276192,515.82
broadcast,262144,16,10832120,2095276192,3094.91
gather,262144,16,64617330,2095276192,518.81
transfer,262144,16,31814338,2095276192,1053.75
gather,262144,16,50693734,2095276192,661.31
broadcast,524288,16,20855438,2095276192,3214.93
gather,524288,16,123626398,2095276192,542.35
transfer,524288,16,51612790,2095276192,1299.07
gather,524288,16,108486006,2095276192,618.04
broadcast,1048576,16,39081674,2095276192,3431.22
gather,1048576,16,235207504,2095276192,570.12
transfer,1048576,16,106531332,2095276192,1258.76
gather,1048576,16,213898452,2095276192,626.92
broadcast,2097152,16,45352482,2095276192,5913.58
gather,2097152,16,431997222,2095276192,620.83
transfer,2097152,16,238079394,2095276192,1126.50
gather,2097152,16,459102030,2095276192,584.17
broadcast,4194304,16,68757856,2095276192,7801.16
gather,4194304,16,839264790,2095276192,639.12
transfer,4194304,16,475032724,2095276192,1129.17
gather,4194304,16,893999582,2095276192,599.99
broadcast,8388608,16,150873682,2095276192,7110.46
gather,8388608,16,1811706010,2095276192,592.14
transfer,8388608,16,929239180,2095276192,1154.47
gather,8388608,16,1815408920,2095276192,590.93
broadcast,16777216,16,285027738,2095276192,7527.56
gather,16777216,16,3617199352,2095276192,593.16
transfer,16777216,16,1836930590,2095276192,1168.02
gather,16777216,16,3604163086,2095276192,595.30
broadcast,33554432,16,443455212,2095276192,9676.57
gather,33554432,16,7306406846,2095276192,587.31
transfer,33554432,16,3910945602,2095276192,1097.21
gather,33554432,16,7470171966,2095276192,574.43
