size,cycles,type,dpu
64,17904,enc,0
64,17216,dec,0
64,17904,enc,1
64,17328,dec,1
64,17904,enc,2
64,17216,dec,2
64,17904,enc,3
64,17216,dec,3
64,17904,enc,4
64,17216,dec,4
64,17904,enc,5
64,17216,dec,5
64,17904,enc,6
64,17264,dec,6
64,17904,enc,7
64,17216,dec,7
64,17904,enc,8
64,17216,dec,8
64,17904,enc,9
64,17216,dec,9
64,17904,enc,10
64,17264,dec,10
64,17904,enc,11
64,17328,dec,11
64,17904,enc,12
64,17216,dec,12
64,17904,enc,13
64,17216,dec,13
64,17904,enc,14
64,17216,dec,14
64,17904,enc,15
64,17216,dec,15
64,17904,enc,16
64,17216,dec,16
64,17904,enc,17
64,17264,dec,17
64,17904,enc,18
64,17216,dec,18
64,17904,enc,19
64,17216,dec,19
64,17904,enc,20
64,17216,dec,20
64,17904,enc,21
64,17216,dec,21
64,17904,enc,22
64,17216,dec,22
64,17904,enc,23
64,17216,dec,23
64,17904,enc,24
64,17216,dec,24
64,17904,enc,25
64,17264,dec,25
64,17904,enc,26
64,17264,dec,26
64,17904,enc,27
64,17216,dec,27
64,17904,enc,28
64,17216,dec,28
64,17904,enc,29
64,17216,dec,29
64,17904,enc,30
64,17264,dec,30
64,17904,enc,31
64,17216,dec,31
64,17904,enc,32
64,17216,dec,32
64,17904,enc,33
64,17328,dec,33
64,17904,enc,34
64,17216,dec,34
64,17904,enc,35
64,17216,dec,35
64,17904,enc,36
64,17216,dec,36
64,17904,enc,37
64,17264,dec,37
64,17904,enc,38
64,17216,dec,38
64,17904,enc,39
64,17264,dec,39
64,17904,enc,40
64,17216,dec,40
64,17904,enc,41
64,17264,dec,41
64,17904,enc,42
64,17216,dec,42
64,17904,enc,43
64,17216,dec,43
64,17904,enc,44
64,17328,dec,44
64,17904,enc,45
64,17264,dec,45
64,17904,enc,46
64,17216,dec,46
64,17904,enc,47
64,17216,dec,47
64,17904,enc,48
64,17264,dec,48
64,17904,enc,49
64,17216,dec,49
64,17904,enc,50
64,17264,dec,50
64,17904,enc,51
64,17216,dec,51
64,17904,enc,52
64,17264,dec,52
64,17904,enc,53
64,17216,dec,53
64,17904,enc,54
64,17232,dec,54
64,17904,enc,55
64,17216,dec,55
64,17904,enc,56
64,17264,dec,56
64,17904,enc,57
64,17216,dec,57
64,17904,enc,58
64,17216,dec,58
64,17904,enc,59
64,17216,dec,59
64,17904,enc,60
64,17216,dec,60
64,17904,enc,61
64,17264,dec,61
64,17904,enc,62
64,17216,dec,62
64,17904,enc,63
64,17216,dec,63
128,34400,enc,0
128,33712,dec,0
128,34448,enc,1
128,33712,dec,1
128,34400,enc,2
128,33712,dec,2
128,34400,enc,3
128,33712,dec,3
128,34400,enc,4
128,33712,dec,4
128,34400,enc,5
128,33712,dec,5
128,34464,enc,6
128,33712,dec,6
128,34400,enc,7
128,33712,dec,7
128,34400,enc,8
128,33744,dec,8
128,34400,enc,9
128,33712,dec,9
128,34464,enc,10
128,33712,dec,10
128,34448,enc,11
128,33712,dec,11
128,34400,enc,12
128,33712,dec,12
128,34400,enc,13
128,33712,dec,13
128,34400,enc,14
128,33712,dec,14
128,34400,enc,15
128,33744,dec,15
128,34400,enc,16
128,33712,dec,16
128,34464,enc,17
128,33712,dec,17
128,34400,enc,18
128,33712,dec,18
128,34400,enc,19
128,33712,dec,19
128,34400,enc,20
128,33712,dec,20
128,34400,enc,21
128,33744,dec,21
128,34400,enc,22
128,33712,dec,22
128,34400,enc,23
128,33744,dec,23
128,34400,enc,24
128,33712,dec,24
128,34464,enc,25
128,33712,dec,25
128,34464,enc,26
128,33712,dec,26
128,34400,enc,27
128,33744,dec,27
128,34400,enc,28
128,33712,dec,28
128,34400,enc,29
128,33744,dec,29
128,34464,enc,30
128,33712,dec,30
128,34400,enc,31
128,33712,dec,31
128,34400,enc,32
128,33712,dec,32
128,34448,enc,33
128,33712,dec,33
128,34400,enc,34
128,33712,dec,34
128,34400,enc,35
128,33712,dec,35
128,34400,enc,36
128,33744,dec,36
128,34464,enc,37
128,33712,dec,37
128,34400,enc,38
128,33712,dec,38
128,34464,enc,39
128,33712,dec,39
128,34400,enc,40
128,33744,dec,40
128,34464,enc,41
128,33712,dec,41
128,34400,enc,42
128,33712,dec,42
128,34400,enc,43
128,33744,dec,43
128,34448,enc,44
128,33728,dec,44
128,34464,enc,45
128,33712,dec,45
128,34400,enc,46
128,33712,dec,46
128,34400,enc,47
128,33744,dec,47
128,34464,enc,48
128,33712,dec,48
128,34400,enc,49
128,33744,dec,49
128,34464,enc,50
128,33712,dec,50
128,34400,enc,51
128,33712,dec,51
128,34464,enc,52
128,33712,dec,52
128,34400,enc,53
128,33712,dec,53
128,34400,enc,54
128,33744,dec,54
128,34400,enc,55
128,33712,dec,55
128,34464,enc,56
128,33712,dec,56
128,34400,enc,57
128,33712,dec,57
128,34400,enc,58
128,33744,dec,58
128,34400,enc,59
128,33712,dec,59
128,34400,enc,60
128,33744,dec,60
128,34464,enc,61
128,33712,dec,61
128,34400,enc,62
128,33712,dec,62
128,34400,enc,63
128,33744,dec,63
256,67424,enc,0
256,66784,dec,0
256,67392,enc,1
256,66688,dec,1
256,67424,enc,2
256,66768,dec,2
256,67424,enc,3
256,66784,dec,3
256,67424,enc,4
256,66768,dec,4
256,67424,enc,5
256,66784,dec,5
256,67392,enc,6
256,66688,dec,6
256,67424,enc,7
256,66768,dec,7
256,67440,enc,8
256,66768,dec,8
256,67424,enc,9
256,66768,dec,9
256,67392,enc,10
256,66688,dec,10
256,67392,enc,11
256,66688,dec,11
256,67424,enc,12
256,66784,dec,12
256,67488,enc,13
256,66704,dec,13
256,67424,enc,14
256,66768,dec,14
256,67440,enc,15
256,66768,dec,15
256,67424,enc,16
256,66768,dec,16
256,67392,enc,17
256,66688,dec,17
256,67424,enc,18
256,66768,dec,18
256,67424,enc,19
256,66784,dec,19
256,67424,enc,20
256,66768,dec,20
256,67440,enc,21
256,66768,dec,21
256,67424,enc,22
256,66784,dec,22
256,67440,enc,23
256,66784,dec,23
256,67424,enc,24
256,66784,dec,24
256,67392,enc,25
256,66688,dec,25
256,67392,enc,26
256,66688,dec,26
256,67456,enc,27
256,66768,dec,27
256,67424,enc,28
256,66768,dec,28
256,67440,enc,29
256,66768,dec,29
256,67392,enc,30
256,66688,dec,30
256,67424,enc,31
256,66784,dec,31
256,67424,enc,32
256,66768,dec,32
256,67392,enc,33
256,66688,dec,33
256,67424,enc,34
256,66784,dec,34
256,67488,enc,35
256,66704,dec,35
256,67440,enc,36
256,66784,dec,36
256,67392,enc,37
256,66688,dec,37
256,67424,enc,38
256,66768,dec,38
256,67392,enc,39
256,66688,dec,39
256,67440,enc,40
256,66784,dec,40
256,67392,enc,41
256,66688,dec,41
256,67424,enc,42
256,66768,dec,42
256,67440,enc,43
256,66768,dec,43
256,67392,enc,44
256,66688,dec,44
256,67392,enc,45
256,66688,dec,45
256,67424,enc,46
256,66784,dec,46
256,67440,enc,47
256,66784,dec,47
256,67392,enc,48
256,66688,dec,48
256,67440,enc,49
256,66768,dec,49
256,67392,enc,50
256,66688,dec,50
256,67424,enc,51
256,66768,dec,51
256,67392,enc,52
256,66688,dec,52
256,67424,enc,53
256,66784,dec,53
256,67440,enc,54
256,66784,dec,54
256,67424,enc,55
256,66784,dec,55
256,67392,enc,56
256,66688,dec,56
256,67424,enc,57
256,66784,dec,57
256,67440,enc,58
256,66768,dec,58
256,67424,enc,59
256,66768,dec,59
256,67440,enc,60
256,66768,dec,60
256,67392,enc,61
256,66688,dec,61
256,67424,enc,62
256,66784,dec,62
256,67440,enc,63
256,66784,dec,63
512,133408,enc,0
512,132736,dec,0
512,133408,enc,1
512,132752,dec,1
512,133408,enc,2
512,132736,dec,2
512,133408,enc,3
512,132736,dec,3
512,133408,enc,4
512,132736,dec,4
512,133408,enc,5
512,132736,dec,5
512,133408,enc,6
512,132848,dec,6
512,133408,enc,7
512,132736,dec,7
512,133472,enc,8
512,132720,dec,8
512,133408,enc,9
512,132736,dec,9
512,133392,enc,10
512,132784,dec,10
512,133408,enc,11
512,132752,dec,11
512,133408,enc,12
512,132736,dec,12
512,133408,enc,13
512,132736,dec,13
512,133408,enc,14
512,132736,dec,14
512,133392,enc,15
512,132848,dec,15
512,133408,enc,16
512,132736,dec,16
512,133392,enc,17
512,132784,dec,17
512,133408,enc,18
512,132736,dec,18
512,133408,enc,19
512,132736,dec,19
512,133408,enc,20
512,132736,dec,20
512,133392,enc,21
512,132784,dec,21
512,133408,enc,22
512,132736,dec,22
512,133392,enc,23
512,132784,dec,23
512,133408,enc,24
512,132736,dec,24
512,133408,enc,25
512,132784,dec,25
512,133392,enc,26
512,132784,dec,26
512,133408,enc,27
512,132784,dec,27
512,133408,enc,28
512,132736,dec,28
512,133392,enc,29
512,132848,dec,29
512,133392,enc,30
512,132784,dec,30
512,133408,enc,31
512,132736,dec,31
512,133408,enc,32
512,132736,dec,32
512,133408,enc,33
512,132752,dec,33
512,133408,enc,34
512,132736,dec,34
512,133408,enc,35
512,132736,dec,35
512,133392,enc,36
512,132784,dec,36
512,133392,enc,37
512,132848,dec,37
512,133408,enc,38
512,132736,dec,38
512,133392,enc,39
512,132784,dec,39
512,133408,enc,40
512,132784,dec,40
512,133392,enc,41
512,132784,dec,41
512,133408,enc,42
512,132736,dec,42
512,133392,enc,43
512,132784,dec,43
512,133408,enc,44
512,132752,dec,44
512,133392,enc,45
512,132784,dec,45
512,133408,enc,46
512,132736,dec,46
512,133408,enc,47
512,132784,dec,47
512,133392,enc,48
512,132784,dec,48
512,133408,enc,49
512,132784,dec,49
512,133392,enc,50
512,132784,dec,50
512,133408,enc,51
512,132736,dec,51
512,133392,enc,52
512,132784,dec,52
512,133408,enc,53
512,132736,dec,53
512,133392,enc,54
512,132784,dec,54
512,133408,enc,55
512,132736,dec,55
512,133408,enc,56
512,132784,dec,56
512,133408,enc,57
512,132736,dec,57
512,133392,enc,58
512,132848,dec,58
512,133408,enc,59
512,132736,dec,59
512,133392,enc,60
512,132784,dec,60
512,133392,enc,61
512,132784,dec,61
512,133408,enc,62
512,132736,dec,62
512,133408,enc,63
512,132784,dec,63
1024,265424,enc,0
1024,264640,dec,0
1024,265376,enc,1
1024,264688,dec,1
1024,265424,enc,2
1024,264640,dec,2
1024,265424,enc,3
1024,264640,dec,3
1024,265424,enc,4
1024,264640,dec,4
1024,265424,enc,5
1024,264640,dec,5
1024,265424,enc,6
1024,264720,dec,6
1024,265424,enc,7
1024,264640,dec,7
1024,265424,enc,8
1024,264704,dec,8
1024,265424,enc,9
1024,264640,dec,9
1024,265424,enc,10
1024,264784,dec,10
1024,265360,enc,11
1024,264688,dec,11
1024,265424,enc,12
1024,264640,dec,12
1024,265424,enc,13
1024,264640,dec,13
1024,265424,enc,14
1024,264640,dec,14
1024,265424,enc,15
1024,264704,dec,15
1024,265424,enc,16
1024,264640,dec,16
1024,265424,enc,17
1024,264784,dec,17
1024,265424,enc,18
1024,264640,dec,18
1024,265424,enc,19
1024,264640,dec,19
1024,265424,enc,20
1024,264640,dec,20
1024,265424,enc,21
1024,264704,dec,21
1024,265424,enc,22
1024,264640,dec,22
1024,265424,enc,23
1024,264704,dec,23
1024,265424,enc,24
1024,264640,dec,24
1024,265424,enc,25
1024,264720,dec,25
1024,265440,enc,26
1024,264784,dec,26
1024,265424,enc,27
1024,264720,dec,27
1024,265424,enc,28
1024,264640,dec,28
1024,265424,enc,29
1024,264720,dec,29
1024,265424,enc,30
1024,264720,dec,30
1024,265424,enc,31
1024,264640,dec,31
1024,265424,enc,32
1024,264640,dec,32
1024,265360,enc,33
1024,264688,dec,33
1024,265424,enc,34
1024,264640,dec,34
1024,265424,enc,35
1024,264640,dec,35
1024,265424,enc,36
1024,264720,dec,36
1024,265424,enc,37
1024,264720,dec,37
1024,265424,enc,38
1024,264640,dec,38
1024,265424,enc,39
1024,264784,dec,39
1024,265424,enc,40
1024,264720,dec,40
1024,265424,enc,41
1024,264704,dec,41
1024,265424,enc,42
1024,264640,dec,42
1024,265424,enc,43
1024,264704,dec,43
1024,265376,enc,44
1024,264688,dec,44
1024,265424,enc,45
1024,264720,dec,45
1024,265424,enc,46
1024,264640,dec,46
1024,265424,enc,47
1024,264720,dec,47
1024,265440,enc,48
1024,264784,dec,48
1024,265424,enc,49
1024,264720,dec,49
1024,265424,enc,50
1024,264704,dec,50
1024,265424,enc,51
1024,264640,dec,51
1024,265424,enc,52
1024,264720,dec,52
1024,265424,enc,53
1024,264640,dec,53
1024,265424,enc,54
1024,264720,dec,54
1024,265424,enc,55
1024,264640,dec,55
1024,265424,enc,56
1024,264720,dec,56
1024,265424,enc,57
1024,264640,dec,57
1024,265424,enc,58
1024,264720,dec,58
1024,265424,enc,59
1024,264640,dec,59
1024,265424,enc,60
1024,264784,dec,60
1024,265424,enc,61
1024,264720,dec,61
1024,265424,enc,62
1024,264640,dec,62
1024,265424,enc,63
1024,264720,dec,63
2048,529360,enc,0
2048,528736,dec,0
2048,529328,enc,1
2048,528784,dec,1
2048,529360,enc,2
2048,528736,dec,2
2048,529360,enc,3
2048,528736,dec,3
2048,529440,enc,4
2048,528736,dec,4
2048,529360,enc,5
2048,528736,dec,5
2048,529328,enc,6
2048,528640,dec,6
2048,529360,enc,7
2048,528736,dec,7
2048,529312,enc,8
2048,528784,dec,8
2048,529424,enc,9
2048,528672,dec,9
2048,529312,enc,10
2048,528784,dec,10
2048,529328,enc,11
2048,528720,dec,11
2048,529360,enc,12
2048,528736,dec,12
2048,529440,enc,13
2048,528672,dec,13
2048,529360,enc,14
2048,528736,dec,14
2048,529312,enc,15
2048,528640,dec,15
2048,529424,enc,16
2048,528672,dec,16
2048,529312,enc,17
2048,528784,dec,17
2048,529424,enc,18
2048,528672,dec,18
2048,529360,enc,19
2048,528736,dec,19
2048,529440,enc,20
2048,528736,dec,20
2048,529312,enc,21
2048,528624,dec,21
2048,529360,enc,22
2048,528752,dec,22
2048,529392,enc,23
2048,528784,dec,23
2048,529360,enc,24
2048,528752,dec,24
2048,529328,enc,25
2048,528624,dec,25
2048,529312,enc,26
2048,528624,dec,26
2048,529328,enc,27
2048,528640,dec,27
2048,529360,enc,28
2048,528736,dec,28
2048,529312,enc,29
2048,528640,dec,29
2048,529392,enc,30
2048,528784,dec,30
2048,529360,enc,31
2048,528752,dec,31
2048,529424,enc,32
2048,528736,dec,32
2048,529328,enc,33
2048,528784,dec,33
2048,529360,enc,34
2048,528736,dec,34
2048,529440,enc,35
2048,528672,dec,35
2048,529312,enc,36
2048,528624,dec,36
2048,529312,enc,37
2048,528784,dec,37
2048,529360,enc,38
2048,528736,dec,38
2048,529312,enc,39
2048,528784,dec,39
2048,529328,enc,40
2048,528624,dec,40
2048,529312,enc,41
2048,528624,dec,41
2048,529440,enc,42
2048,528736,dec,42
2048,529312,enc,43
2048,528624,dec,43
2048,529328,enc,44
2048,528784,dec,44
2048,529392,enc,45
2048,528784,dec,45
2048,529360,enc,46
2048,528736,dec,46
2048,529392,enc,47
2048,528720,dec,47
2048,529312,enc,48
2048,528624,dec,48
2048,529328,enc,49
2048,528640,dec,49
2048,529312,enc,50
2048,528624,dec,50
2048,529360,enc,51
2048,528752,dec,51
2048,529392,enc,52
2048,528784,dec,52
2048,529360,enc,53
2048,528752,dec,53
2048,529392,enc,54
2048,528784,dec,54
2048,529360,enc,55
2048,528736,dec,55
2048,529328,enc,56
2048,528624,dec,56
2048,529360,enc,57
2048,528736,dec,57
2048,529312,enc,58
2048,528640,dec,58
2048,529360,enc,59
2048,528736,dec,59
2048,529312,enc,60
2048,528784,dec,60
2048,529392,enc,61
2048,528784,dec,61
2048,529360,enc,62
2048,528736,dec,62
2048,529328,enc,63
2048,528624,dec,63
4096,1057296,enc,0
4096,1056688,dec,0
4096,1057408,enc,1
4096,1056640,dec,1
4096,1057360,enc,2
4096,1056688,dec,2
4096,1057296,enc,3
4096,1056688,dec,3
4096,1057360,enc,4
4096,1056608,dec,4
4096,1057296,enc,5
4096,1056752,dec,5
4096,1057312,enc,6
4096,1056768,dec,6
4096,1057296,enc,7
4096,1056608,dec,7
4096,1057392,enc,8
4096,1056688,dec,8
4096,1057360,enc,9
4096,1056688,dec,9
4096,1057392,enc,10
4096,1056752,dec,10
4096,1057408,enc,11
4096,1056720,dec,11
4096,1057296,enc,12
4096,1056752,dec,12
4096,1057376,enc,13
4096,1056608,dec,13
4096,1057296,enc,14
4096,1056608,dec,14
4096,1057312,enc,15
4096,1056768,dec,15
4096,1057360,enc,16
4096,1056688,dec,16
4096,1057392,enc,17
4096,1056688,dec,17
4096,1057360,enc,18
4096,1056688,dec,18
4096,1057296,enc,19
4096,1056688,dec,19
4096,1057360,enc,20
4096,1056608,dec,20
4096,1057376,enc,21
4096,1056768,dec,21
4096,1057296,enc,22
4096,1056688,dec,22
4096,1057456,enc,23
4096,1056688,dec,23
4096,1057296,enc,24
4096,1056688,dec,24
4096,1057376,enc,25
4096,1056688,dec,25
4096,1057312,enc,26
4096,1056640,dec,26
4096,1057312,enc,27
4096,1056768,dec,27
4096,1057296,enc,28
4096,1056608,dec,28
4096,1057312,enc,29
4096,1056768,dec,29
4096,1057456,enc,30
4096,1056688,dec,30
4096,1057296,enc,31
4096,1056688,dec,31
4096,1057360,enc,32
4096,1056608,dec,32
4096,1057408,enc,33
4096,1056720,dec,33
4096,1057296,enc,34
4096,1056752,dec,34
4096,1057376,enc,35
4096,1056608,dec,35
4096,1057376,enc,36
4096,1056768,dec,36
4096,1057392,enc,37
4096,1056688,dec,37
4096,1057360,enc,38
4096,1056688,dec,38
4096,1057392,enc,39
4096,1056752,dec,39
4096,1057296,enc,40
4096,1056768,dec,40
4096,1057376,enc,41
4096,1056768,dec,41
4096,1057360,enc,42
4096,1056608,dec,42
4096,1057376,enc,43
4096,1056768,dec,43
4096,1057408,enc,44
4096,1056640,dec,44
4096,1057456,enc,45
4096,1056688,dec,45
4096,1057296,enc,46
4096,1056688,dec,46
4096,1057456,enc,47
4096,1056752,dec,47
4096,1057312,enc,48
4096,1056640,dec,48
4096,1057312,enc,49
4096,1056768,dec,49
4096,1057376,enc,50
4096,1056768,dec,50
4096,1057376,enc,51
4096,1056608,dec,51
4096,1057456,enc,52
4096,1056688,dec,52
4096,1057296,enc,53
4096,1056688,dec,53
4096,1057456,enc,54
4096,1056752,dec,54
4096,1057296,enc,55
4096,1056688,dec,55
4096,1057312,enc,56
4096,1056768,dec,56
4096,1057296,enc,57
4096,1056608,dec,57
4096,1057312,enc,58
4096,1056768,dec,58
4096,1057360,enc,59
4096,1056688,dec,59
4096,1057392,enc,60
4096,1056688,dec,60
4096,1057456,enc,61
4096,1056688,dec,61
4096,1057296,enc,62
4096,1056688,dec,62
4096,1057296,enc,63
4096,1056768,dec,63
8192,2113312,enc,0
8192,2112640,dec,0
8192,2113328,enc,1
8192,2112672,dec,1
8192,2113392,enc,2
8192,2112720,dec,2
8192,2113312,enc,3
8192,2112640,dec,3
8192,2113392,enc,4
8192,2112640,dec,4
8192,2113312,enc,5
8192,2112640,dec,5
8192,2113328,enc,6
8192,2112720,dec,6
8192,2113392,enc,7
8192,2112720,dec,7
8192,2113312,enc,8
8192,2112720,dec,8
8192,2113392,enc,9
8192,2112720,dec,9
8192,2113312,enc,10
8192,2112640,dec,10
8192,2113328,enc,11
8192,2112752,dec,11
8192,2113312,enc,12
8192,2112640,dec,12
8192,2113392,enc,13
8192,2112640,dec,13
8192,2113328,enc,14
8192,2112640,dec,14
8192,2113328,enc,15
8192,2112720,dec,15
8192,2113392,enc,16
8192,2112720,dec,16
8192,2113312,enc,17
8192,2112640,dec,17
8192,2113392,enc,18
8192,2112640,dec,18
8192,2113312,enc,19
8192,2112640,dec,19
8192,2113392,enc,20
8192,2112640,dec,20
8192,2113392,enc,21
8192,2112720,dec,21
8192,2113312,enc,22
8192,2112720,dec,22
8192,2113392,enc,23
8192,2112720,dec,23
8192,2113312,enc,24
8192,2112640,dec,24
8192,2113168,enc,25
8192,2112672,dec,25
8192,2113392,enc,26
8192,2112752,dec,26
8192,2113328,enc,27
8192,2112720,dec,27
8192,2113328,enc,28
8192,2112640,dec,28
8192,2113328,enc,29
8192,2112784,dec,29
8192,2113392,enc,30
8192,2112720,dec,30
8192,2113312,enc,31
8192,2112720,dec,31
8192,2113392,enc,32
8192,2112640,dec,32
8192,2113328,enc,33
8192,2112752,dec,33
8192,2113312,enc,34
8192,2112640,dec,34
8192,2113392,enc,35
8192,2112640,dec,35
8192,2113392,enc,36
8192,2112720,dec,36
8192,2113312,enc,37
8192,2112720,dec,37
8192,2113392,enc,38
8192,2112720,dec,38
8192,2113312,enc,39
8192,2112640,dec,39
8192,2113328,enc,40
8192,2112720,dec,40
8192,2113392,enc,41
8192,2112720,dec,41
8192,2113392,enc,42
8192,2112640,dec,42
8192,2113392,enc,43
8192,2112720,dec,43
8192,2113328,enc,44
8192,2112672,dec,44
8192,2113392,enc,45
8192,2112720,dec,45
8192,2113312,enc,46
8192,2112640,dec,46
8192,2113392,enc,47
8192,2112640,dec,47
8192,2113392,enc,48
8192,2112752,dec,48
8192,2113328,enc,49
8192,2112720,dec,49
8192,2113392,enc,50
8192,2112720,dec,50
8192,2113328,enc,51
8192,2112720,dec,51
8192,2113392,enc,52
8192,2112720,dec,52
8192,2113312,enc,53
8192,2112720,dec,53
8192,2113392,enc,54
8192,2112640,dec,54
8192,2113312,enc,55
8192,2112640,dec,55
8192,2113328,enc,56
8192,2112720,dec,56
8192,2113328,enc,57
8192,2112640,dec,57
8192,2113328,enc,58
8192,2112720,dec,58
8192,2113392,enc,59
8192,2112720,dec,59
8192,2113312,enc,60
8192,2112640,dec,60
8192,2113392,enc,61
8192,2112640,dec,61
8192,2113312,enc,62
8192,2112640,dec,62
8192,2113328,enc,63
8192,2112720,dec,63
16384,4225472,enc,0
16384,4224720,dec,0
16384,4225376,enc,1
16384,4224800,dec,1
16384,4225392,enc,2
16384,4224720,dec,2
16384,4225456,enc,3
16384,4224720,dec,3
16384,4225392,enc,4
16384,4224720,dec,4
16384,4225472,enc,5
16384,4224576,dec,5
16384,4225360,enc,6
16384,4224640,dec,6
16384,4225392,enc,7
16384,4224720,dec,7
16384,4225456,enc,8
16384,4224720,dec,8
16384,4225392,enc,9
16384,4224720,dec,9
16384,4225472,enc,10
16384,4224720,dec,10
16384,4225376,enc,11
16384,4224720,dec,11
16384,4225472,enc,12
16384,4224784,dec,12
16384,4225392,enc,13
16384,4224784,dec,13
16384,4225328,enc,14
16384,4224784,dec,14
16384,4225424,enc,15
16384,4224768,dec,15
16384,4225392,enc,16
16384,4224720,dec,16
16384,4225456,enc,17
16384,4224720,dec,17
16384,4225392,enc,18
16384,4224720,dec,18
16384,4225472,enc,19
16384,4224720,dec,19
16384,4225392,enc,20
16384,4224784,dec,20
16384,4225344,enc,21
16384,4224720,dec,21
16384,4225456,enc,22
16384,4224720,dec,22
16384,4225392,enc,23
16384,4224720,dec,23
16384,4225456,enc,24
16384,4224720,dec,24
16384,4225456,enc,25
16384,4224656,dec,25
16384,4225376,enc,26
16384,4224720,dec,26
16384,4225360,enc,27
16384,4224640,dec,27
16384,4225328,enc,28
16384,4224800,dec,28
16384,4225424,enc,29
16384,4224768,dec,29
16384,4225392,enc,30
16384,4224720,dec,30
16384,4225456,enc,31
16384,4224720,dec,31
16384,4225392,enc,32
16384,4224720,dec,32
16384,4225376,enc,33
16384,4224720,dec,33
16384,4225472,enc,34
16384,4224720,dec,34
16384,4225392,enc,35
16384,4224784,dec,35
16384,4225360,enc,36
16384,4224720,dec,36
16384,4225456,enc,37
16384,4224720,dec,37
16384,4225392,enc,38
16384,4224720,dec,38
16384,4225472,enc,39
16384,4224720,dec,39
16384,4225360,enc,40
16384,4224656,dec,40
16384,4225280,enc,41
16384,4224640,dec,41
16384,4225392,enc,42
16384,4224784,dec,42
16384,4225344,enc,43
16384,4224720,dec,43
16384,4225376,enc,44
16384,4224720,dec,44
16384,4225392,enc,45
16384,4224720,dec,45
16384,4225456,enc,46
16384,4224720,dec,46
16384,4225392,enc,47
16384,4224720,dec,47
16384,4225376,enc,48
16384,4224800,dec,48
16384,4225360,enc,49
16384,4224640,dec,49
16384,4225280,enc,50
16384,4224640,dec,50
16384,4225456,enc,51
16384,4224720,dec,51
16384,4225392,enc,52
16384,4224720,dec,52
16384,4225456,enc,53
16384,4224720,dec,53
16384,4225392,enc,54
16384,4224720,dec,54
16384,4225472,enc,55
16384,4224720,dec,55
16384,4225360,enc,56
16384,4224640,dec,56
16384,4225472,enc,57
16384,4224640,dec,57
16384,4225424,enc,58
16384,4224768,dec,58
16384,4225392,enc,59
16384,4224720,dec,59
16384,4225456,enc,60
16384,4224720,dec,60
16384,4225392,enc,61
16384,4224720,dec,61
16384,4225472,enc,62
16384,4224720,dec,62
16384,4225360,enc,63
16384,4224656,dec,63
32768,8449440,enc,0
32768,8448704,dec,0
32768,8449312,enc,1
32768,8448704,dec,1
32768,8449280,enc,2
32768,8448800,dec,2
32768,8449440,enc,3
32768,8448704,dec,3
32768,8449280,enc,4
32768,8448656,dec,4
32768,8449312,enc,5
32768,8448656,dec,5
32768,8449456,enc,6
32768,8448800,dec,6
32768,8449280,enc,7
32768,8448800,dec,7
32768,8449440,enc,8
32768,8448704,dec,8
32768,8449280,enc,9
32768,8448800,dec,9
32768,8449440,enc,10
32768,8448704,dec,10
32768,8449408,enc,11
32768,8448704,dec,11
32768,8449440,enc,12
32768,8448704,dec,12
32768,8449280,enc,13
32768,8448656,dec,13
32768,8449216,enc,14
32768,8448720,dec,14
32768,8449456,enc,15
32768,8448800,dec,15
32768,8449280,enc,16
32768,8448800,dec,16
32768,8449440,enc,17
32768,8448704,dec,17
32768,8449280,enc,18
32768,8448800,dec,18
32768,8449440,enc,19
32768,8448704,dec,19
32768,8449280,enc,20
32768,8448656,dec,20
32768,8449392,enc,21
32768,8448704,dec,21
32768,8449440,enc,22
32768,8448704,dec,22
32768,8449280,enc,23
32768,8448800,dec,23
32768,8449440,enc,24
32768,8448704,dec,24
32768,8449408,enc,25
32768,8448704,dec,25
32768,8449472,enc,26
32768,8448704,dec,26
32768,8449456,enc,27
32768,8448800,dec,27
32768,8449280,enc,28
32768,8448736,dec,28
32768,8449456,enc,29
32768,8448800,dec,29
32768,8449280,enc,30
32768,8448800,dec,30
32768,8449440,enc,31
32768,8448704,dec,31
32768,8449280,enc,32
32768,8448800,dec,32
32768,8449408,enc,33
32768,8448704,dec,33
32768,8449216,enc,34
32768,8448656,dec,34
32768,8449280,enc,35
32768,8448656,dec,35
32768,8449392,enc,36
32768,8448704,dec,36
32768,8449440,enc,37
32768,8448704,dec,37
32768,8449280,enc,38
32768,8448800,dec,38
32768,8449440,enc,39
32768,8448704,dec,39
32768,8449456,enc,40
32768,8448640,dec,40
32768,8449392,enc,41
32768,8448704,dec,41
32768,8449280,enc,42
32768,8448656,dec,42
32768,8449392,enc,43
32768,8448704,dec,43
32768,8449408,enc,44
32768,8448704,dec,44
32768,8449280,enc,45
32768,8448800,dec,45
32768,8449440,enc,46
32768,8448704,dec,46
32768,8449280,enc,47
32768,8448800,dec,47
32768,8449376,enc,48
32768,8448640,dec,48
32768,8449456,enc,49
32768,8448800,dec,49
32768,8449392,enc,50
32768,8448704,dec,50
32768,8449280,enc,51
32768,8448720,dec,51
32768,8449280,enc,52
32768,8448800,dec,52
32768,8449440,enc,53
32768,8448704,dec,53
32768,8449280,enc,54
32768,8448800,dec,54
32768,8449440,enc,55
32768,8448704,dec,55
32768,8449456,enc,56
32768,8448800,dec,56
32768,8449216,enc,57
32768,8448656,dec,57
32768,8449456,enc,58
32768,8448800,dec,58
32768,8449280,enc,59
32768,8448800,dec,59
32768,8449440,enc,60
32768,8448704,dec,60
32768,8449280,enc,61
32768,8448800,dec,61
32768,8449440,enc,62
32768,8448704,dec,62
32768,8449456,enc,63
32768,8448800,dec,63
65536,16897328,enc,0
65536,16896816,dec,0
65536,16897376,enc,1
65536,16896816,dec,1
65536,16897392,enc,2
65536,16896752,dec,2
65536,16897312,enc,3
65536,16896816,dec,3
65536,16897488,enc,4
65536,16896768,dec,4
65536,16897376,enc,5
65536,16896672,dec,5
65536,16897552,enc,6
65536,16896704,dec,6
65536,16897392,enc,7
65536,16896752,dec,7
65536,16897456,enc,8
65536,16896752,dec,8
65536,16897392,enc,9
65536,16896752,dec,9
65536,16897328,enc,10
65536,16896816,dec,10
65536,16897456,enc,11
65536,16896656,dec,11
65536,16897328,enc,12
65536,16896816,dec,12
65536,16897488,enc,13
65536,16896768,dec,13
65536,16897488,enc,14
65536,16896704,dec,14
65536,16897456,enc,15
65536,16896752,dec,15
65536,16897392,enc,16
65536,16896752,dec,16
65536,16897328,enc,17
65536,16896816,dec,17
65536,16897392,enc,18
65536,16896816,dec,18
65536,16897328,enc,19
65536,16896816,dec,19
65536,16897488,enc,20
65536,16896768,dec,20
65536,16897440,enc,21
65536,16896752,dec,21
65536,16897456,enc,22
65536,16896752,dec,22
65536,16897392,enc,23
65536,16896816,dec,23
65536,16897312,enc,24
65536,16896816,dec,24
65536,16897312,enc,25
65536,16896672,dec,25
65536,16897472,enc,26
65536,16896720,dec,26
65536,16897552,enc,27
65536,16896704,dec,27
65536,16897392,enc,28
65536,16896752,dec,28
65536,16897456,enc,29
65536,16896752,dec,29
65536,16897392,enc,30
65536,16896752,dec,30
65536,16897456,enc,31
65536,16896752,dec,31
65536,16897392,enc,32
65536,16896816,dec,32
65536,16897456,enc,33
65536,16896656,dec,33
65536,16897360,enc,34
65536,16896672,dec,34
65536,16897488,enc,35
65536,16896768,dec,35
65536,16897440,enc,36
65536,16896752,dec,36
65536,16897456,enc,37
65536,16896752,dec,37
65536,16897392,enc,38
65536,16896752,dec,38
65536,16897328,enc,39
65536,16896816,dec,39
65536,16897440,enc,40
65536,16896672,dec,40
65536,16897376,enc,41
65536,16896816,dec,41
65536,16897488,enc,42
65536,16896768,dec,42
65536,16897440,enc,43
65536,16896752,dec,43
65536,16897472,enc,44
65536,16896736,dec,44
65536,16897392,enc,45
65536,16896816,dec,45
65536,16897456,enc,46
65536,16896816,dec,46
65536,16897392,enc,47
65536,16896816,dec,47
65536,16897376,enc,48
65536,16896816,dec,48
65536,16897552,enc,49
65536,16896704,dec,49
65536,16897440,enc,50
65536,16896752,dec,50
65536,16897392,enc,51
65536,16896816,dec,51
65536,16897392,enc,52
65536,16896752,dec,52
65536,16897456,enc,53
65536,16896752,dec,53
65536,16897392,enc,54
65536,16896816,dec,54
65536,16897328,enc,55
65536,16896816,dec,55
65536,16897488,enc,56
65536,16896768,dec,56
65536,16897488,enc,57
65536,16896704,dec,57
65536,16897456,enc,58
65536,16896752,dec,58
65536,16897392,enc,59
65536,16896752,dec,59
65536,16897328,enc,60
65536,16896816,dec,60
65536,16897392,enc,61
65536,16896816,dec,61
65536,16897328,enc,62
65536,16896816,dec,62
65536,16897488,enc,63
65536,16896768,dec,63
131072,33793328,enc,0
131072,33792672,dec,0
131072,33793376,enc,1
131072,33792672,dec,1
131072,33793392,enc,2
131072,33792816,dec,2
131072,33793328,enc,3
131072,33792672,dec,3
131072,33793552,enc,4
131072,33792752,dec,4
131072,33793456,enc,5
131072,33792752,dec,5
131072,33793568,enc,6
131072,33792816,dec,6
131072,33793392,enc,7
131072,33792816,dec,7
131072,33793472,enc,8
131072,33792816,dec,8
131072,33793392,enc,9
131072,33792816,dec,9
131072,33793328,enc,10
131072,33792672,dec,10
131072,33793472,enc,11
131072,33792816,dec,11
131072,33793328,enc,12
131072,33792672,dec,12
131072,33793568,enc,13
131072,33792816,dec,13
131072,33793488,enc,14
131072,33792816,dec,14
131072,33793472,enc,15
131072,33792816,dec,15
131072,33793392,enc,16
131072,33792816,dec,16
131072,33793328,enc,17
131072,33792672,dec,17
131072,33793392,enc,18
131072,33792672,dec,18
131072,33793328,enc,19
131072,33792672,dec,19
131072,33793408,enc,20
131072,33792816,dec,20
131072,33793456,enc,21
131072,33792672,dec,21
131072,33793472,enc,22
131072,33792816,dec,22
131072,33793392,enc,23
131072,33792816,dec,23
131072,33793328,enc,24
131072,33792672,dec,24
131072,33793392,enc,25
131072,33792816,dec,25
131072,33793552,enc,26
131072,33792816,dec,26
131072,33793568,enc,27
131072,33792816,dec,27
131072,33793392,enc,28
131072,33792816,dec,28
131072,33793472,enc,29
131072,33792816,dec,29
131072,33793392,enc,30
131072,33792816,dec,30
131072,33793328,enc,31
131072,33792816,dec,31
131072,33793392,enc,32
131072,33792672,dec,32
131072,33793472,enc,33
131072,33792816,dec,33
131072,33793456,enc,34
131072,33792752,dec,34
131072,33793568,enc,35
131072,33792816,dec,35
131072,33793456,enc,36
131072,33792672,dec,36
131072,33793472,enc,37
131072,33792816,dec,37
131072,33793392,enc,38
131072,33792816,dec,38
131072,33793328,enc,39
131072,33792672,dec,39
131072,33793520,enc,40
131072,33792864,dec,40
131072,33793456,enc,41
131072,33792816,dec,41
131072,33793552,enc,42
131072,33792752,dec,42
131072,33793456,enc,43
131072,33792672,dec,43
131072,33793472,enc,44
131072,33792816,dec,44
131072,33793392,enc,45
131072,33792816,dec,45
131072,33793328,enc,46
131072,33792672,dec,46
131072,33793392,enc,47
131072,33792528,dec,47
131072,33793456,enc,48
131072,33792752,dec,48
131072,33793568,enc,49
131072,33792816,dec,49
131072,33793456,enc,50
131072,33792816,dec,50
131072,33793472,enc,51
131072,33792816,dec,51
131072,33793392,enc,52
131072,33792816,dec,52
131072,33793328,enc,53
131072,33792816,dec,53
131072,33793392,enc,54
131072,33792672,dec,54
131072,33793328,enc,55
131072,33792672,dec,55
131072,33793568,enc,56
131072,33792816,dec,56
131072,33793488,enc,57
131072,33792816,dec,57
131072,33793472,enc,58
131072,33792816,dec,58
131072,33793392,enc,59
131072,33792816,dec,59
131072,33793328,enc,60
131072,33792672,dec,60
131072,33793392,enc,61
131072,33792672,dec,61
131072,33793328,enc,62
131072,33792672,dec,62
131072,33793552,enc,63
131072,33792752,dec,63
262144,67585504,enc,0
262144,67584832,dec,0
262144,67585552,enc,1
262144,67584880,dec,1
262144,67585504,enc,2
262144,67584928,dec,2
262144,67585504,enc,3
262144,67584832,dec,3
262144,67585568,enc,4
262144,67584928,dec,4
262144,67585600,enc,5
262144,67584832,dec,5
262144,67585568,enc,6
262144,67584928,dec,6
262144,67585504,enc,7
262144,67584928,dec,7
262144,67585568,enc,8
262144,67584928,dec,8
262144,67585504,enc,9
262144,67584688,dec,9
262144,67585504,enc,10
262144,67584832,dec,10
262144,67585488,enc,11
262144,67584944,dec,11
262144,67585504,enc,12
262144,67584832,dec,12
262144,67585568,enc,13
262144,67584928,dec,13
262144,67585504,enc,14
262144,67584928,dec,14
262144,67585568,enc,15
262144,67584928,dec,15
262144,67585504,enc,16
262144,67584928,dec,16
262144,67585504,enc,17
262144,67584832,dec,17
262144,67585504,enc,18
262144,67584848,dec,18
262144,67585504,enc,19
262144,67584832,dec,19
262144,67585584,enc,20
262144,67584832,dec,20
262144,67585600,enc,21
262144,67584832,dec,21
262144,67585568,enc,22
262144,67584928,dec,22
262144,67585504,enc,23
262144,67584848,dec,23
262144,67585504,enc,24
262144,67584832,dec,24
262144,67585408,enc,25
262144,67584848,dec,25
262144,67585600,enc,26
262144,67584832,dec,26
262144,67585568,enc,27
262144,67584912,dec,27
262144,67585504,enc,28
262144,67584912,dec,28
262144,67585568,enc,29
262144,67584992,dec,29
262144,67585504,enc,30
262144,67584688,dec,30
262144,67585568,enc,31
262144,67584928,dec,31
262144,67585504,enc,32
262144,67584848,dec,32
262144,67585488,enc,33
262144,67584944,dec,33
262144,67585600,enc,34
262144,67584832,dec,34
262144,67585568,enc,35
262144,67584928,dec,35
262144,67585600,enc,36
262144,67584896,dec,36
262144,67585424,enc,37
262144,67584928,dec,37
262144,67585504,enc,38
262144,67584928,dec,38
262144,67585504,enc,39
262144,67584832,dec,39
262144,67585584,enc,40
262144,67584832,dec,40
262144,67585600,enc,41
262144,67584832,dec,41
262144,67585568,enc,42
262144,67584928,dec,42
262144,67585600,enc,43
262144,67584896,dec,43
262144,67585552,enc,44
262144,67584880,dec,44
262144,67585504,enc,45
262144,67584848,dec,45
262144,67585504,enc,46
262144,67584832,dec,46
262144,67585584,enc,47
262144,67584832,dec,47
262144,67585600,enc,48
262144,67584832,dec,48
262144,67585568,enc,49
262144,67584912,dec,49
262144,67585600,enc,50
262144,67584832,dec,50
262144,67585568,enc,51
262144,67584928,dec,51
262144,67585504,enc,52
262144,67584928,dec,52
262144,67585584,enc,53
262144,67584912,dec,53
262144,67585504,enc,54
262144,67584848,dec,54
262144,67585504,enc,55
262144,67584832,dec,55
262144,67585568,enc,56
262144,67584928,dec,56
262144,67585504,enc,57
262144,67584928,dec,57
262144,67585568,enc,58
262144,67584928,dec,58
262144,67585504,enc,59
262144,67584928,dec,59
262144,67585504,enc,60
262144,67584832,dec,60
262144,67585504,enc,61
262144,67584848,dec,61
262144,67585504,enc,62
262144,67584832,dec,62
262144,67585568,enc,63
262144,67584928,dec,63
524288,135169632,enc,0
524288,135169008,dec,0
524288,135169680,enc,1
524288,135169056,dec,1
524288,135169616,enc,2
524288,135169056,dec,2
524288,135169632,enc,3
524288,135169008,dec,3
524288,135169632,enc,4
524288,135168992,dec,4
524288,135169648,enc,5
524288,135169008,dec,5
524288,135169696,enc,6
524288,135169056,dec,6
524288,135169616,enc,7
524288,135169056,dec,7
524288,135169552,enc,8
524288,135169056,dec,8
524288,135169632,enc,9
524288,135168976,dec,9
524288,135169632,enc,10
524288,135169008,dec,10
524288,135169760,enc,11
524288,135169056,dec,11
524288,135169632,enc,12
524288,135169008,dec,12
524288,135169696,enc,13
524288,135169056,dec,13
524288,135169616,enc,14
524288,135169200,dec,14
524288,135169696,enc,15
524288,135169056,dec,15
524288,135169616,enc,16
524288,135169056,dec,16
524288,135169632,enc,17
524288,135169008,dec,17
524288,135169632,enc,18
524288,135168976,dec,18
524288,135169632,enc,19
524288,135169008,dec,19
524288,135169696,enc,20
524288,135169056,dec,20
524288,135169648,enc,21
524288,135168864,dec,21
524288,135169696,enc,22
524288,135169056,dec,22
524288,135169632,enc,23
524288,135169056,dec,23
524288,135169632,enc,24
524288,135169008,dec,24
524288,135169632,enc,25
524288,135168976,dec,25
524288,135169648,enc,26
524288,135169008,dec,26
524288,135169696,enc,27
524288,135169056,dec,27
524288,135169616,enc,28
524288,135169072,dec,28
524288,135169696,enc,29
524288,135169056,dec,29
524288,135169632,enc,30
524288,135168976,dec,30
524288,135169696,enc,31
524288,135169056,dec,31
524288,135169632,enc,32
524288,135168976,dec,32
524288,135169760,enc,33
524288,135168912,dec,33
524288,135169632,enc,34
524288,135169008,dec,34
524288,135169696,enc,35
524288,135169056,dec,35
524288,135169632,enc,36
524288,135169008,dec,36
524288,135169696,enc,37
524288,135169056,dec,37
524288,135169616,enc,38
524288,135169056,dec,38
524288,135169632,enc,39
524288,135169008,dec,39
524288,135169696,enc,40
524288,135169056,dec,40
524288,135169648,enc,41
524288,135169008,dec,41
524288,135169696,enc,42
524288,135169056,dec,42
524288,135169648,enc,43
524288,135169008,dec,43
524288,135169616,enc,44
524288,135168976,dec,44
524288,135169632,enc,45
524288,135168976,dec,45
524288,135169632,enc,46
524288,135169008,dec,46
524288,135169696,enc,47
524288,135169056,dec,47
524288,135169648,enc,48
524288,135169008,dec,48
524288,135169696,enc,49
524288,135169056,dec,49
524288,135169648,enc,50
524288,135169008,dec,50
524288,135169696,enc,51
524288,135169056,dec,51
524288,135169632,enc,52
524288,135169056,dec,52
524288,135169696,enc,53
524288,135169056,dec,53
524288,135169632,enc,54
524288,135168976,dec,54
524288,135169632,enc,55
524288,135169008,dec,55
524288,135169696,enc,56
524288,135169056,dec,56
524288,135169616,enc,57
524288,135169056,dec,57
524288,135169696,enc,58
524288,135169056,dec,58
524288,135169616,enc,59
524288,135169056,dec,59
524288,135169632,enc,60
524288,135169008,dec,60
524288,135169632,enc,61
524288,135168976,dec,61
524288,135169632,enc,62
524288,135169008,dec,62
524288,135169696,enc,63
524288,135169056,dec,63
1048576,270337952,enc,0
1048576,270337328,dec,0
1048576,270338000,enc,1
1048576,270337232,dec,1
1048576,270337952,enc,2
1048576,270337232,dec,2
1048576,270337952,enc,3
1048576,270337328,dec,3
1048576,270338112,enc,4
1048576,270337152,dec,4
1048576,270337952,enc,5
1048576,270337328,dec,5
1048576,270338112,enc,6
1048576,270337296,dec,6
1048576,270337952,enc,7
1048576,270337232,dec,7
1048576,270337872,enc,8
1048576,270337312,dec,8
1048576,270338016,enc,9
1048576,270337392,dec,9
1048576,270337952,enc,10
1048576,270337328,dec,10
1048576,270337936,enc,11
1048576,270337312,dec,11
1048576,270337952,enc,12
1048576,270337328,dec,12
1048576,270338112,enc,13
1048576,270337296,dec,13
1048576,270337952,enc,14
1048576,270337392,dec,14
1048576,270337872,enc,15
1048576,270337312,dec,15
1048576,270337952,enc,16
1048576,270337232,dec,16
1048576,270337952,enc,17
1048576,270337328,dec,17
1048576,270338112,enc,18
1048576,270337296,dec,18
1048576,270337952,enc,19
1048576,270337328,dec,19
1048576,270337888,enc,20
1048576,270337232,dec,20
1048576,270338128,enc,21
1048576,270337344,dec,21
1048576,270337872,enc,22
1048576,270337232,dec,22
1048576,270338112,enc,23
1048576,270337296,dec,23
1048576,270338112,enc,24
1048576,270337392,dec,24
1048576,270338112,enc,25
1048576,270337296,dec,25
1048576,270337952,enc,26
1048576,270337328,dec,26
1048576,270338112,enc,27
1048576,270337296,dec,27
1048576,270337952,enc,28
1048576,270337232,dec,28
1048576,270337936,enc,29
1048576,270337392,dec,29
1048576,270338016,enc,30
1048576,270337392,dec,30
1048576,270338112,enc,31
1048576,270337296,dec,31
1048576,270338112,enc,32
1048576,270337296,dec,32
1048576,270337936,enc,33
1048576,270337312,dec,33
1048576,270337952,enc,34
1048576,270337328,dec,34
1048576,270338112,enc,35
1048576,270337296,dec,35
1048576,270338032,enc,36
1048576,270337392,dec,36
1048576,270337872,enc,37
1048576,270337312,dec,37
1048576,270337952,enc,38
1048576,270337312,dec,38
1048576,270337952,enc,39
1048576,270337328,dec,39
1048576,270338032,enc,40
1048576,270337392,dec,40
1048576,270337872,enc,41
1048576,270337264,dec,41
1048576,270338112,enc,42
1048576,270337296,dec,42
1048576,270338032,enc,43
1048576,270337376,dec,43
1048576,270338000,enc,44
1048576,270337392,dec,44
1048576,270338112,enc,45
1048576,270337296,dec,45
1048576,270337952,enc,46
1048576,270337328,dec,46
1048576,270338032,enc,47
1048576,270337392,dec,47
1048576,270337952,enc,48
1048576,270337328,dec,48
1048576,270338112,enc,49
1048576,270337152,dec,49
1048576,270338032,enc,50
1048576,270337392,dec,50
1048576,270337872,enc,51
1048576,270337392,dec,51
1048576,270337952,enc,52
1048576,270337312,dec,52
1048576,270338112,enc,53
1048576,270337296,dec,53
1048576,270338112,enc,54
1048576,270337296,dec,54
1048576,270337952,enc,55
1048576,270337328,dec,55
1048576,270338112,enc,56
1048576,270337296,dec,56
1048576,270337952,enc,57
1048576,270337392,dec,57
1048576,270337872,enc,58
1048576,270337232,dec,58
1048576,270337952,enc,59
1048576,270337232,dec,59
1048576,270337968,enc,60
1048576,270337328,dec,60
1048576,270338112,enc,61
1048576,270337296,dec,61
1048576,270337952,enc,62
1048576,270337328,dec,62
1048576,270338112,enc,63
1048576,270337296,dec,63
2097152,540674768,enc,0
2097152,540673952,dec,0
2097152,540674720,enc,1
2097152,540673952,dec,1
2097152,540674528,enc,2
2097152,540674016,dec,2
2097152,540674768,enc,3
2097152,540673952,dec,3
2097152,540674592,enc,4
2097152,540673952,dec,4
2097152,540674624,enc,5
2097152,540673904,dec,5
2097152,540674672,enc,6
2097152,540673952,dec,6
2097152,540674528,enc,7
2097152,540674016,dec,7
2097152,540674592,enc,8
2097152,540674016,dec,8
2097152,540674528,enc,9
2097152,540674016,dec,9
2097152,540674768,enc,10
2097152,540673952,dec,10
2097152,540674656,enc,11
2097152,540673872,dec,11
2097152,540674624,enc,12
2097152,540673904,dec,12
2097152,540674672,enc,13
2097152,540673952,dec,13
2097152,540674672,enc,14
2097152,540673952,dec,14
2097152,540674592,enc,15
2097152,540673952,dec,15
2097152,540674528,enc,16
2097152,540674016,dec,16
2097152,540674768,enc,17
2097152,540673952,dec,17
2097152,540674608,enc,18
2097152,540673792,dec,18
2097152,540674768,enc,19
2097152,540673952,dec,19
2097152,540674592,enc,20
2097152,540673952,dec,20
2097152,540674624,enc,21
2097152,540674016,dec,21
2097152,540674592,enc,22
2097152,540673952,dec,22
2097152,540674608,enc,23
2097152,540673872,dec,23
2097152,540674608,enc,24
2097152,540673872,dec,24
2097152,540674608,enc,25
2097152,540674016,dec,25
2097152,540674624,enc,26
2097152,540673904,dec,26
2097152,540674672,enc,27
2097152,540673952,dec,27
2097152,540674528,enc,28
2097152,540673952,dec,28
2097152,540674592,enc,29
2097152,540673872,dec,29
2097152,540674528,enc,30
2097152,540673872,dec,30
2097152,540674672,enc,31
2097152,540673792,dec,31
2097152,540674608,enc,32
2097152,540674016,dec,32
2097152,540674656,enc,33
2097152,540673872,dec,33
2097152,540674624,enc,34
2097152,540673904,dec,34
2097152,540674672,enc,35
2097152,540673952,dec,35
2097152,540674528,enc,36
2097152,540674016,dec,36
2097152,540674592,enc,37
2097152,540674096,dec,37
2097152,540674528,enc,38
2097152,540674016,dec,38
2097152,540674768,enc,39
2097152,540673952,dec,39
2097152,540674592,enc,40
2097152,540673952,dec,40
2097152,540674624,enc,41
2097152,540674016,dec,41
2097152,540674608,enc,42
2097152,540674016,dec,42
2097152,540674672,enc,43
2097152,540674016,dec,43
2097152,540674704,enc,44
2097152,540674016,dec,44
2097152,540674608,enc,45
2097152,540674096,dec,45
2097152,540674768,enc,46
2097152,540673952,dec,46
2097152,540674592,enc,47
2097152,540673952,dec,47
2097152,540674624,enc,48
2097152,540673904,dec,48
2097152,540674592,enc,49
2097152,540673952,dec,49
2097152,540674528,enc,50
2097152,540674016,dec,50
2097152,540674592,enc,51
2097152,540673952,dec,51
2097152,540674528,enc,52
2097152,540674016,dec,52
2097152,540674672,enc,53
2097152,540673952,dec,53
2097152,540674608,enc,54
2097152,540674016,dec,54
2097152,540674768,enc,55
2097152,540673952,dec,55
2097152,540674608,enc,56
2097152,540674016,dec,56
2097152,540674672,enc,57
2097152,540673952,dec,57
2097152,540674592,enc,58
2097152,540673952,dec,58
2097152,540674672,enc,59
2097152,540673952,dec,59
2097152,540674768,enc,60
2097152,540673952,dec,60
2097152,540674608,enc,61
2097152,540674016,dec,61
2097152,540674768,enc,62
2097152,540673952,dec,62
2097152,540674608,enc,63
2097152,540673792,dec,63
4194304,1081347904,enc,0
4194304,1081347200,dec,0
4194304,1081347792,enc,1
4194304,1081347200,dec,1
4194304,1081347968,enc,2
4194304,1081347136,dec,2
4194304,1081347904,enc,3
4194304,1081347200,dec,3
4194304,1081347824,enc,4
4194304,1081347056,dec,4
4194304,1081347792,enc,5
4194304,1081347056,dec,5
4194304,1081347584,enc,6
4194304,1081347056,dec,6
4194304,1081347808,enc,7
4194304,1081347136,dec,7
4194304,1081347888,enc,8
4194304,1081347136,dec,8
4194304,1081347968,enc,9
4194304,1081347136,dec,9
4194304,1081347904,enc,10
4194304,1081347200,dec,10
4194304,1081347952,enc,11
4194304,1081347136,dec,11
4194304,1081347792,enc,12
4194304,1081347056,dec,12
4194304,1081347728,enc,13
4194304,1081347296,dec,13
4194304,1081347888,enc,14
4194304,1081347056,dec,14
4194304,1081347888,enc,15
4194304,1081347136,dec,15
4194304,1081347968,enc,16
4194304,1081347136,dec,16
4194304,1081347904,enc,17
4194304,1081347200,dec,17
4194304,1081347728,enc,18
4194304,1081347136,dec,18
4194304,1081347696,enc,19
4194304,1081347056,dec,19
4194304,1081347904,enc,20
4194304,1081347136,dec,20
4194304,1081347968,enc,21
4194304,1081347136,dec,21
4194304,1081347888,enc,22
4194304,1081347136,dec,22
4194304,1081347872,enc,23
4194304,1081347136,dec,23
4194304,1081347904,enc,24
4194304,1081347200,dec,24
4194304,1081347888,enc,25
4194304,1081347200,dec,25
4194304,1081347792,enc,26
4194304,1081347056,dec,26
4194304,1081347728,enc,27
4194304,1081347296,dec,27
4194304,1081347888,enc,28
4194304,1081347056,dec,28
4194304,1081347888,enc,29
4194304,1081347136,dec,29
4194304,1081347968,enc,30
4194304,1081347136,dec,30
4194304,1081347792,enc,31
4194304,1081347136,dec,31
4194304,1081347952,enc,32
4194304,1081347136,dec,32
4194304,1081347952,enc,33
4194304,1081347136,dec,33
4194304,1081347792,enc,34
4194304,1081347056,dec,34
4194304,1081347728,enc,35
4194304,1081347296,dec,35
4194304,1081347968,enc,36
4194304,1081347136,dec,36
4194304,1081347728,enc,37
4194304,1081347056,dec,37
4194304,1081347968,enc,38
4194304,1081347136,dec,38
4194304,1081347904,enc,39
4194304,1081347200,dec,39
4194304,1081347680,enc,40
4194304,1081347200,dec,40
4194304,1081347904,enc,41
4194304,1081347344,dec,41
4194304,1081347952,enc,42
4194304,1081347136,dec,42
4194304,1081347888,enc,43
4194304,1081347056,dec,43
4194304,1081347712,enc,44
4194304,1081347248,dec,44
4194304,1081347888,enc,45
4194304,1081347344,dec,45
4194304,1081347712,enc,46
4194304,1081347248,dec,46
4194304,1081347824,enc,47
4194304,1081347200,dec,47
4194304,1081347792,enc,48
4194304,1081347200,dec,48
4194304,1081347824,enc,49
4194304,1081347056,dec,49
4194304,1081348112,enc,50
4194304,1081347136,dec,50
4194304,1081347824,enc,51
4194304,1081346912,dec,51
4194304,1081347968,enc,52
4194304,1081347136,dec,52
4194304,1081347952,enc,53
4194304,1081347200,dec,53
4194304,1081347952,enc,54
4194304,1081347136,dec,54
4194304,1081347904,enc,55
4194304,1081347200,dec,55
4194304,1081347728,enc,56
4194304,1081347296,dec,56
4194304,1081347888,enc,57
4194304,1081346912,dec,57
4194304,1081348032,enc,58
4194304,1081347136,dec,58
4194304,1081347968,enc,59
4194304,1081346992,dec,59
4194304,1081347904,enc,60
4194304,1081347200,dec,60
4194304,1081347712,enc,61
4194304,1081347216,dec,61
4194304,1081347904,enc,62
4194304,1081347200,dec,62
4194304,1081347728,enc,63
4194304,1081347200,dec,63
8388608,2162694208,enc,0
8388608,2162693520,dec,0
8388608,2162694208,enc,1
8388608,2162693552,dec,1
8388608,2162694192,enc,2
8388608,2162693520,dec,2
8388608,2162694272,enc,3
8388608,2162693296,dec,3
8388608,2162694272,enc,4
8388608,2162693520,dec,4
8388608,2162694080,enc,5
8388608,2162693408,dec,5
8388608,2162694320,enc,6
8388608,2162693696,dec,6
8388608,2162694192,enc,7
8388608,2162693520,dec,7
8388608,2162694128,enc,8
8388608,2162693520,dec,8
8388608,2162694192,enc,9
8388608,2162693520,dec,9
8388608,2162694208,enc,10
8388608,2162693520,dec,10
8388608,2162694240,enc,11
8388608,2162693408,dec,11
8388608,2162694224,enc,12
8388608,2162693552,dec,12
8388608,2162694384,enc,13
8388608,2162693408,dec,13
8388608,2162694192,enc,14
8388608,2162693520,dec,14
8388608,2162694128,enc,15
8388608,2162693664,dec,15
8388608,2162694192,enc,16
8388608,2162693520,dec,16
8388608,2162694048,enc,17
8388608,2162693520,dec,17
8388608,2162694272,enc,18
8388608,2162693504,dec,18
8388608,2162694368,enc,19
8388608,2162693600,dec,19
8388608,2162694368,enc,20
8388608,2162693520,dec,20
8388608,2162694048,enc,21
8388608,2162693520,dec,21
8388608,2162694128,enc,22
8388608,2162693664,dec,22
8388608,2162694192,enc,23
8388608,2162693520,dec,23
8388608,2162694128,enc,24
8388608,2162693520,dec,24
8388608,2162694384,enc,25
8388608,2162693552,dec,25
8388608,2162694224,enc,26
8388608,2162693552,dec,26
8388608,2162694160,enc,27
8388608,2162693328,dec,27
8388608,2162694192,enc,28
8388608,2162693520,dec,28
8388608,2162694128,enc,29
8388608,2162693520,dec,29
8388608,2162694192,enc,30
8388608,2162693520,dec,30
8388608,2162693984,enc,31
8388608,2162693520,dec,31
8388608,2162694240,enc,32
8388608,2162693408,dec,32
8388608,2162694240,enc,33
8388608,2162693408,dec,33
8388608,2162694368,enc,34
8388608,2162693600,dec,34
8388608,2162694384,enc,35
8388608,2162693408,dec,35
8388608,2162694192,enc,36
8388608,2162693520,dec,36
8388608,2162694416,enc,37
8388608,2162693376,dec,37
8388608,2162694192,enc,38
8388608,2162693520,dec,38
8388608,2162694128,enc,39
8388608,2162693664,dec,39
8388608,2162694272,enc,40
8388608,2162693664,dec,40
8388608,2162694192,enc,41
8388608,2162693376,dec,41
8388608,2162694384,enc,42
8388608,2162693408,dec,42
8388608,2162694192,enc,43
8388608,2162693664,dec,43
8388608,2162694144,enc,44
8388608,2162693520,dec,44
8388608,2162694000,enc,45
8388608,2162693552,dec,45
8388608,2162694304,enc,46
8388608,2162693360,dec,46
8388608,2162694272,enc,47
8388608,2162693520,dec,47
8388608,2162694224,enc,48
8388608,2162693552,dec,48
8388608,2162694272,enc,49
8388608,2162693520,dec,49
8388608,2162694336,enc,50
8388608,2162693376,dec,50
8388608,2162694144,enc,51
8388608,2162693408,dec,51
8388608,2162694336,enc,52
8388608,2162693376,dec,52
8388608,2162694224,enc,53
8388608,2162693408,dec,53
8388608,2162694096,enc,54
8388608,2162693552,dec,54
8388608,2162694208,enc,55
8388608,2162693360,dec,55
8388608,2162694304,enc,56
8388608,2162693488,dec,56
8388608,2162694192,enc,57
8388608,2162693520,dec,57
8388608,2162694320,enc,58
8388608,2162693472,dec,58
8388608,2162694336,enc,59
8388608,2162693376,dec,59
8388608,2162694128,enc,60
8388608,2162693584,dec,60
8388608,2162694096,enc,61
8388608,2162693552,dec,61
8388608,2162694208,enc,62
8388608,2162693504,dec,62
8388608,2162694320,enc,63
8388608,2162693168,dec,63
16777216,4325386640,enc,0
16777216,4325385712,dec,0
16777216,4325386864,enc,1
16777216,4325385744,dec,1
16777216,4325386720,enc,2
16777216,4325385792,dec,2
16777216,4325386640,enc,3
16777216,4325385808,dec,3
16777216,4325386832,enc,4
16777216,4325385744,dec,4
16777216,4325386736,enc,5
16777216,4325385824,dec,5
16777216,4325386720,enc,6
16777216,4325385824,dec,6
16777216,4325386704,enc,7
16777216,4325385792,dec,7
16777216,4325386640,enc,8
16777216,4325385856,dec,8
16777216,4325386720,enc,9
16777216,4325385712,dec,9
16777216,4325386832,enc,10
16777216,4325385808,dec,10
16777216,4325386816,enc,11
16777216,4325385760,dec,11
16777216,4325386864,enc,12
16777216,4325385744,dec,12
16777216,4325386800,enc,13
16777216,4325385760,dec,13
16777216,4325386704,enc,14
16777216,4325385792,dec,14
16777216,4325386640,enc,15
16777216,4325385712,dec,15
16777216,4325386720,enc,16
16777216,4325385712,dec,16
16777216,4325386560,enc,17
16777216,4325385744,dec,17
16777216,4325386720,enc,18
16777216,4325385712,dec,18
16777216,4325386720,enc,19
16777216,4325385744,dec,19
16777216,4325386832,enc,20
16777216,4325385744,dec,20
16777216,4325386720,enc,21
16777216,4325385856,dec,21
16777216,4325386832,enc,22
16777216,4325385744,dec,22
16777216,4325386672,enc,23
16777216,4325385808,dec,23
16777216,4325386640,enc,24
16777216,4325385712,dec,24
16777216,4325386560,enc,25
16777216,4325385840,dec,25
16777216,4325386640,enc,26
16777216,4325385984,dec,26
16777216,4325386736,enc,27
16777216,4325385744,dec,27
16777216,4325386560,enc,28
16777216,4325385792,dec,28
16777216,4325386640,enc,29
16777216,4325385712,dec,29
16777216,4325386720,enc,30
16777216,4325385568,dec,30
16777216,4325386640,enc,31
16777216,4325385712,dec,31
16777216,4325386656,enc,32
16777216,4325385664,dec,32
16777216,4325386656,enc,33
16777216,4325385664,dec,33
16777216,4325386784,enc,34
16777216,4325385520,dec,34
16777216,4325386720,enc,35
16777216,4325385824,dec,35
16777216,4325386720,enc,36
16777216,4325385712,dec,36
16777216,4325386496,enc,37
16777216,4325385856,dec,37
16777216,4325386576,enc,38
16777216,4325385712,dec,38
16777216,4325386640,enc,39
16777216,4325385712,dec,39
16777216,4325386976,enc,40
16777216,4325385600,dec,40
16777216,4325386720,enc,41
16777216,4325385744,dec,41
16777216,4325386656,enc,42
16777216,4325385664,dec,42
16777216,4325386720,enc,43
16777216,4325385792,dec,43
16777216,4325386640,enc,44
16777216,4325385808,dec,44
16777216,4325386656,enc,45
16777216,4325385744,dec,45
16777216,4325386640,enc,46
16777216,4325385808,dec,46
16777216,4325386832,enc,47
16777216,4325385744,dec,47
16777216,4325386640,enc,48
16777216,4325385840,dec,48
16777216,4325386640,enc,49
16777216,4325385792,dec,49
16777216,4325387056,enc,50
16777216,4325385744,dec,50
16777216,4325386576,enc,51
16777216,4325385520,dec,51
16777216,4325386720,enc,52
16777216,4325385712,dec,52
16777216,4325386864,enc,53
16777216,4325385840,dec,53
16777216,4325386512,enc,54
16777216,4325385664,dec,54
16777216,4325386720,enc,55
16777216,4325385744,dec,55
16777216,4325386656,enc,56
16777216,4325385664,dec,56
16777216,4325386896,enc,57
16777216,4325385600,dec,57
16777216,4325387024,enc,58
16777216,4325385824,dec,58
16777216,4325386720,enc,59
16777216,4325385856,dec,59
16777216,4325386640,enc,60
16777216,4325385712,dec,60
16777216,4325386656,enc,61
16777216,4325385744,dec,61
16777216,4325386832,enc,62
16777216,4325385808,dec,62
16777216,4325386832,enc,63
16777216,4325385744,dec,63
